(Add. 12,133)					1
Add. 12,133, foll. 1-108	1#7-8	IX	9	Approx. 8c (early)	2
Add. 12,133, foll. 109-169	1#31-32	LI	51	Approx. 8c	3
Add. 12,134	1#29-31	XLIX	49	697	4
(Add. 12,135)					5
Add. 12,135, foll. 1-43	1#24-26	XL	40	726	6
Add. 12,135, foll. 44-207	2#486-487	DCXIII	613	611	7
Add. 12,136	1#24	XXXIX	39	Approx. 7c	8
(Add. 12,137)	1#50-52	LXXV	75	Approx. 6c-7c	9
Add. 12,138	1#101-108	CLXI	161	899	10
Add. 12,139	1#154-159	CCXXIV	224	1000	11
Add. 12,140	1#49	LXXIII	73	Approx. 6c	12
(Add. 12,141)	1#63-64	LXXXIX	89	Approx. 6c-7c	13
(Add. 12,142)					14
Add. 12,142, foll. 1-73	1#97-98	CLIV	154	Approx. 6c-7c	15
Add. 12,142, foll. 74-107	3#1092-1093	DCCCCXLIV	944	Approx. 6c	16
Add. 12,142, foll. 108-242	2#465-466	DLXXXII	582	Approx. 6c (early)	17
Add. 12,143	2#623	DCCXXII	722	1229	18
Add. 12,144	2#908-914	DCCCLIII	853	1081	19
Add. 12,145	1#251-254	CCCXIII	313	Approx. 10c	20
Add. 12,146	1#258-261	CCCXIX	319	1007	21
Add. 12,147	1#261-264	CCCXX	320	1006	22
Add. 12,148	1#264-266	CCCXXI	321	1007	23
Add. 12,149	1#266-269	CCCXXII	322	1006	24
Add. 12,150	2#631-633	DCCXXVI	726	412	25
Add. 12,151	2#493-497	DCXXV	625	804	26
Add. 12,152	2#497-499	DCXXVI	626	837	27
Add. 12,153	2#423-428	DLV	555	845	28
Add. 12,154	2#976-989	DCCCLX	860	Approx. 8c (late)- 9c (early)	29
Add. 12,155	2#921-955	DCCCLVII	857	Approx. 8c	30
Add. 12,156	2#639-648	DCCXXIX	729	Approx. 6c (before 562)	31
Add. 12,157	2#550-554	DCLXXXVIII	688	Approx. 7c-8c	32
Add. 12,158	2#555-557	DCXC	690	Approx. 6c (588)	33
Add. 12,159	2#534-546	DCLXXXV	685	868	34
(Add. 12,160)					35
Add. 12,160, foll. 1-108	2#472-473	DXC	590	584	36
Add. 12,160, foll. 109-152	3#1090	DCCCCXLII	942	Approx. 6c (late)	37
Add. 12,161	2#469-470	DLXXXVII	587	Approx. 6c-7c	38
Add. 12,162	2#721-723	DCCLIX	759	Approx. 9c	39
(Add. 12,163)					40
Add. 12,163, foll. 1-126	2#529-530	DCLXXVII	677	Approx. 6c	41
Add. 12,163, foll. 127-304	2#834-836	DCCCXIX	819	Approx. 10c-11c	42
Add. 12,163, foll. 305-311	2#445	DLXVI	566	Approx. 7c	43
Add. 12,164	2#527-529	DCLXXVI	676	Approx. 6c	44
Add. 12,165	2#842-851	DCCCXXV	825	1015	45
(Add. 12,166)					46
Add. 12,166, foll. 1-154	2#674-676	DCCXLII	742	Approx. 6c	47
Add. 12,166, foll. 155-258	2#491-492	DCXX	620	553	48
Add. 12,167	2#769-774	DCCLXXXV	785	876	49
Add. 12,168	2#904-908	DCCCLII	852	Approx. 8c-9c	50
(Add. 12,169)					51
Add. 12,169, foll. 1-178	2#589-590	DCCIII	703	Approx. 8c-9c	52
Add. 12,169, foll. 179-218	2#673-674	DCCXLI	741	Approx. 6c	53
(Add. 12,170)					54
Add. 12,170, foll. 1-135	2#458-461	DLXXV	575	604	55
Add. 12,170, foll. 136-276	2#746-752	DCCLXXIV	774	Approx. 8c-9c (early)	56
Add. 12,170, foll. 277-279	2#752	DCCLXXV	775	Approx. 8c-9c (early)	57
(Add. 12,171)					58
Add. 12,171, foll. 1-64	2#587-588	DCCI	701	815	59
Add. 12,171, foll. 65-68	2#766-767	DCCLXXXII	782	833	60
(Add. 12,172)					61
Add. 12,172, foll. 1-11	2#465	DLXXX	580	Approx. 10c	62
Add. 12,172, foll. 12-24	3#1116-1117	DCCCCLIII	953	Approx. 10c	63
Add. 12,172, foll. 25-54	3#1117-1118	DCCCCLIV	954	Approx. 10c	64
Add. 12,172, foll. 55-64	2#608	DCCXII	712	Approx. 9c	65
Add. 12,172, foll. 65-135	2#592-605	DCCVII	707	Approx. 9c	66
Add. 12,172, foll. 165-196	1#6-7	VII	7	Approx. 10c-11c	67
Add. 12,172, foll. 197-234	1#12-13	XVIII	18	Approx. 6c-7c	68
Add. 12,173	3#1070-1072	DCCCCXXIII	923	Approx. 6c-7c	69
Add. 12,174	3#1123-3#1139	DCCCCLX	960	1197	70
(Add. 12,175)					71
Add. 12,175, foll. 1-48	3#1100-1101	DCCCCXLVI	946	Approx. 7c-8c	72
Add. 12,175, foll. 49-80	2#657-658	DCCXXXVI	736	Approx. 6c	73
Add. 12,175, foll. 81-254	2#633-638	DCCXXVII	727	534	74
Add. 12,176	2#409-410	DXXXVII	537	Approx. 5c-6c	75
Add. 12,177	1#58-60	LXXXIII	83	1189	76
Add. 12,178	1#108-111	CLXII	162	Approx. 9c-10c	77
Add. 12,179	1#321-324	CCCCX	410	Approx. 11c-12c	78
Add. 12,180	2#474-475	DXCII	592	Approx. 6c- Approx. 7c	79
Add. 12,181	2#558-564	DCXCII	692	Approx. 8c	80
Add. 14,425	1#3-5	III	3	464	81
Add. 14,426	1#6	V	5	Approx. 6c-7c	82
Add. 14,427	1#5-6	IV	4	Approx. 6c	83
Add. 14,428	1#9-10	XI	11	724	84
Add. 14,429	1#37-39	LX	60	719	85
Add. 14,430	1#15-16	XXIV	24	724	86
Add. 14,431	1#14-15	XXII	22	545	87
(Add. 14,432)	1#21	XXXIV	34		88
Add. 14,433	1#126	CLXXVII	177	Approx. 10c	89
(Add. 14,434)					90
Add. 14,434, foll. 1-79	1#35-36	LIV	54	Approx. 8c (early)	91
Add. 14,434, foll. 80-128	1#36-37	LV	55	Approx. 8c	92
Add. 14,435	1#122-123	CLXXI	171	Approx. 9c	93
(Add. 14,436)					94
Add. 14,436, foll. 1-76	1#119-120	CLXIX	169	Approx. 8c-9c	95
Add. 14,436, foll. 77-129	1#126-127	CLXXVIII	178	Approx. 10c	96
(Add. 14,437)					97
Add. 14,437, foll. 1-46	1#31	L	50	Approx. 8c	98
Add. 14,437, foll. 47-124	1#33-34	LIII	53	Approx. 8c	99
(Add. 14,438)					100
Add. 14,438, foll. 1-49	1#10	XII	12	Approx. 6c	101
Add. 14,438, foll. 53-101	1#13-14	XXI	21	Approx. 6c	102
Add. 14,439	1#13	XIX	19	Approx. 6c-7c	103
Add. 14,440	1#10-11	XVI	16	Approx. 10c-11c	104
Add. 14,441	1#39	LXI	61	719	105
(Add. 14,442)					106
Add. 14,442, foll. 1-46	1#28-29	XLVIII	48	Approx. 7c	107
Add. 14,442, foll. 47-65	1#15	XXIII	23	Approx. 6c-7c	108
(Add. 14,443)					109
Add. 14,443, foll. 1-34	1#17	XXVI	26	Approx. 6c	110
Add. 14,443, foll. 35-71	1#18	XXX	30	Approx. 6c-7c	111
Add. 14,443, foll. 72-98	1#18	XXXI	31	Approx. 6c-7c	112
Add. 14,443, foll. 99-144	1#27	XLII	42	Approx. 6c	113
(Add. 14,444)					114
Add. 14,444, foll. 1-24	1#6	VI	6	Approx. 6c-7c	115
Add. 14,444, foll. 25-38	1#8	X	10	Approx. 6c	116
(Add. 14,445)					117
Add. 14,446	1#98	CLV	155	Approx. 6c-7c	118
Add. 14,447	1#98	CLVI	156	Approx. 10c	119
Add. 14,448	1#41-42	LXIV	64	699-700	120
Add. 14,449	1#46-47	LXIX	69	Approx. 6c-7c	121
Add. 14,450	1#55	LXXIX	79	Approx. 7c	122
Add. 14,451, foll. 23-83 (new 1-61)	1#62-63	LXXXVIII	88	Approx. 8c	123
Add. 14,451 (bis)	1#73-75	CXIX	119	Approx. 5c (late)	124
(Add. 14,452)					125
Add. 14,453	1#44-45	LXVI	66	Approx. 5c-6c	126
Add. 14,454	1#62	LXXXVII	87	Approx. 6c-7c	127
Add. 14,455	1#45	LXVII	67	Approx. 6c	128
Add. 14,456	1#55-57	LXXX	80	Approx. 8c	129
(Add. 14,457)					130
Add. 14,458	1#47-48	LXXI	71	Approx. 6c-7c	131
(Add. 14,459)					132
Add. 14,459, foll. 1-66	1#64	XC	90	Approx. 5c	133
Add. 14,459, foll. 67-169	1#67-68	CI	101	530-540	134
Add. 14,460	1#52-53	LXXVI	76	600	135
(Add. 14,461)					136
Add. 14,461, foll. 1-107	1#65-66	XCIV	94	Approx. 6c	137
Add. 14,461, foll. 108-212	1#68	CII	102	Approx. 9c-10c	138
Add. 14,462	1#64-65	XCII	92	Approx. 6c	139
Add. 14,463	1#54-55	LXXVIII	78	Approx. 7c	140
Add. 14,464	1#70-71	CX	110	Approx. 6c	141
Add. 14,465	1#60-61	LXXXV	85	Approx. 12c	142
(Add. 14,466)					143
Add. 14,466, foll. 1-10	1#69	CVI	106	Approx. 12c	144
Add. 14,466, foll. 11-17	1#67	C	100	Approx. 10c-11c	145
Add. 14,466, foll. 18-42	1#73	CXVIII	118	Approx. 11c-12c	146
Add. 14,466, foll. 43-59	2#836-837	DCCCXX	820	Approx. 10c-11c	147
Add. 14,467	1#66-67	XCVII	97	Approx. 10c (early)	148
(Add. 14,468)					149
Add. 14,468, foll. 1-20	1#92-93	CXLIII	143	Approx. 7c	150
Add. 14,468, foll. 21-33	1#93	CXLVI	146	Approx. 10c-11c	151
Add. 14,469	1#75-76	CXX	120	936	152
Add. 14,470	1#40-41	LXIII	63	Approx. 5c-6c, 9c	153
Add. 14,471	1#53-54	LXXVII	77	615	154
Add. 14,472	1#81-82	CXXVIII	128	Approx. 6c-7c	155
(Add. 14,473)					156
Add. 14,473, foll. 1-139	1#79-80	CXXV	125	Approx. 6c	157
Add. 14,473, foll. 140-148	1#83-84	CXXXII	132	Approx. 11c	158
Add. 14,474	1#76-77	CXXI	121	Approx. 9c	159
Add. 14,475	1#86-87	CXXXVI	136	Approx. 6c	160
Add. 14,476	1#84	CXXXIII	133	Approx. 5c-6c	161
Add. 14,477	1#88-89	CXXXVIII	138	Approx. 6c-7c	162
Add. 14,478	1#90-92	CXLI	141	622	163
Add. 14,479	1#86	CXXXV	135	534	164
(Add. 14,480)	1#84-85	CXXXIV	134	Approx. 5c-6c	165
Add. 14,481	1#9	CXXXIX	139	Approx. 6c-7c	166
Add. 14,482	1#112-113	CLXV	165	Approx. 11c-12c	167
Add. 14,483	2#591	DCCVI	706	Approx. 9c	168
(Add. 14,484)					169
Add. 14,484, foll. 1-8	1#99	CLVIII	158	Approx. 5c-6c	170
Add. 14,484, foll. 9-11	1#99-100	CLIX	159	Approx. 10c-11c	171
Add. 14,484, foll. 12-47	1#98-99	CLVII	157	Approx. 6c	172
Add. 14,484, foll. 48-133	3#1152	DCCCCLXXXII	982	Approx. 6c	173
Add. 14,484, foll. 134-152	3#1152-1153	DCCCCLXXXIII	983	Approx. 6c	174
Add. 14,485	1#146-149	CCXX	220	824	175
Add. 14,486	1#149-152	CCXXI	221	824	176
Add. 14,487	1#152-154	CCXXII	222	824	177
Add. 14,488	1#194-200	CCL	250	Approx. 11c â€“prob.1023	178
Add. 14,489	1#200-202	CCLI	251	1046	179
(Add 14,490)					180
Add. 14,491	1#179-181	CCXLIV	244	Approx. 9c-10c	181
Add. 14,492	1#178-179	CCXLIII	243	862	182
Add. 14,493	1#219-223	CCLXXXVI	286	Approx. 10c	183
Add. 14,494	1#217-218	CCLXXXIV	284	Approx. 9c-10c	184
Add. 14,495	1#227-228	CCXCI	291	Approx. 10c-11c	185
Add. 14,496	1#223-225	CCLXXXVII	287	Approx. 10c	186
Add. 14,497	1#231-232	CCXCVI	296	Approx. 11c-12c	187
Add. 14,498	1#230-231	CCXCV	295	1133	188
Add. 14,499	1#229-230	CCXCIII	293	Approx. 10c-11c	189
(Add. 14,500)	1#230	CCXCIV	294	Approx. 11c	190
Add. 14,501	1#270-271	CCCXXIV	324	Approx. 11c	191
Add. 14,502	1#394-395	DXV	515	Approx. 12c	192
Add. 14,503	1#254-258	CCCXVIII	318	Approx. 10c-11c	193
Add. 14,504	1#280-282	CCCXXXVIII	338	Approx. 9c	194
Add. 14,505	1#282-283	CCCXXXIX	339	Approx. 10c	195
(Add. 14,506)					196
Add. 14,506, foll, 1-96	1#368	CCCCLXIII	468	Approx. 11c	197
Add. 14,506, foll. 97-110	1#367	CCCCLX	460	Approx. 11c	198
Add. 14,506, foll. 111-118	1#366	CCCCLV	455	Approx. 9c	199
Add. 14,506, foll. 119-235	1#247-249	CCCX	310	Approx. 9c-10c	200
Add. 14,507	1#283-285	CCCXL	340	Approx. 10c-11c	201
Add. 14,508	1#324-325	CCCCXIV	414	Approx. 11c-12c	202
Add. 14,509	1#271-272	CCCXXV	325	Approx. 11c	203
Add. 14,510	1#378-379	CCCCLXXXVI	486	1056	204
Add. 14,511	1#249-250	CCCXI	311	Approx. 10c	205
(Add. 14,512)	1#250-251				206
Add. 14,513	1#292	CCCXLVII	347	Approx. 9c-10c	207
Add. 14,514	1#341-343	CCCCXXV	425	Approx. 9c	208
Add. 14,515	1#240-243	CCCVI	306	893	209
Add. 14,516	1#244-246	CCCVIII	308	Approx. 9c	210
Add. 14,517	1#385-388	DII	502	Approx. 10c-11c	211
Add. 14,518	1#218	CCLXXXV	285	Approx. 9c-10c	212
Add. 14,519	1#272-274	CCCXXVII	327	Approx. 11c-12c	213
Add. 14,520	1#363-365	CCCCLI	451	Approx. 8c-9c	214
Add. 14,521	1#384	CCCCXCIX	499	Approx. 10c	215
(Add. 14,522)					216
Add. 14,522, foll. 1-3	1#324	CCCCXIII	413	Approx. 11c	217
Add. 14,522, foll. 4-26	1#246-247	CCCIX	309	Approx. 9c	218
Add. 14,522, foll. 27-36	1#233	CCXCIX	299	Approx. 10c-11c	219
Add. 14,522, foll. 37-45	2#831	DCCCXVI	816	Approx. 10c	220
Add. 14,522, fol. 46	2#450	DLXX	570	Approx. 9c-10c	221
(Add. 14,523)					222
Add. 14,523, foll. 1-7	1#204	CCLVI	256	Approx. 8c-9c	223
Add. 14,523, fol. 8	1#204	CCLVII	257	Approx. 8c-9c	224
Add. 14,523, fol. 9	1#204	CCLVIII	258	Approx. 10c	225
Add. 14,523, foll. 10-13	1#383-384	CCCCXCV	495	Approx. 8c	226
Add. 14,523, foll. 14-35	1#293	CCCXLIX	349	Approx. 9c-10c	227
Add. 14,523, foll. 36, 37	1#292-293	CCCXLVIII	348	Approx. 9c-10c	228
Add. 14,523, fol. 38	1#294	CCCLI	351	Approx. 10c	229
Add. 14,523, foll. 39-46	1#388	DIV	504	Approx. 10c-11c	230
Add. 14,523, foll. 47, 48	1#349	CCCCXXXIV	434	Approx. 11c	231
Add. 14,523, foll. 49-56	2#493	DCXXIV	624	Approx. 10c	232
(Add. 14,524)					233
Add. 14,524, fol. 1	1#204	CCLIX	259	Approx. 10c	234
Add. 14,524, fol. 2	1#204	CCLX	260	Approx. 10c	235
Add. 14,524, foll. 3-6	1#72	CXVI	116	Approx. 11c-12c	236
Add. 14,524, foll. 7-11	1#143	CCXI	211	Approx. 13c	237
Add. 14,524, foll. 12-21	1#349	CCCCXXXII	432	Approx. 11c	238
Add. 14,524, foll. 22-29	1#349	CCCCXXXIII	433	Approx. 11c	239
Add. 14,524, foll. 30-47	1#357	CCCCXLVI	446	Approx. 13c	240
Add. 14,524, foll. 48-67	1#350	CCCCXXXV	435	Approx. 11c-12c	241
(Add. 14,525)					242
Add. 14,525, foll. 1-10	1#393-394	DXIV	514	Approx. 9c-10c	243
Add. 14,525, foll. 11-24	1#302-303	CCCLXIX	369	Approx. 10c-11c	244
Add. 14,525, foll. 25-27	1#254	CCCXV	315	Approx. 10c-11c	245
Add. 14,525, foll. 28-45	1#254	CCCXVI	316	Approx. 10c-11c	246
Add. 14,525, foll. 46-55	1#254	CCCXVII	317	Approx. 10c-11c	247
Add. 14,525, foll. 56-75	1#225	CCLXXXVIII	288	Approx. 10c	248
(Add. 14,526)					249
Add. 14,526, foll. 1-39	2#1033-1036	DCCCCVII	907	Approx. 7c	250
Add. 14,526, foll. 40-47	2#1036	DCCCCVIII	908	Approx. 8c	251
Add. 14,527	2#1036-1037	DCCCCIX	909	Approx. 11c	252
(Add. 14,428)					253
Add. 14,528, foll. 1-151	2#1030-1033	DCCCCVI	906	Approx. 6c (early) (501?)	254
Add. 14,528, foll. 152-228	1#176-177	CCXXXIX	239	Approx. 6c	255
Add. 14,529	2#917-921	DCCCLVI	856	Approx. 7c-8c	256
Add. 14,530	2#1027-1030	DCCCCV	905	535	257
Add. 14,531	2#738-740	DCCLXIX	769	Approx. 7c-8c	258
Add. 14,532	2#955-967	DCCCLVIII	858	Approx. 8c	259
Add. 14,533	2#967-976	DCCCLIX	859	Approx. 8c-9c	260
Add. 14,534	2#526-527	DCLXXV	675	Approx. 6c	261
Add. 14,535	2#796-799	DCCXCVIII	798	Approx. 9c	262
Add. 14,536	2#742-744	DCCLXXI	771	Approx. 8c	263
Add. 14,537	2#1017-1018	DCCCLXVIII	868	Approx. 7c-8c	264
Add. 14,538	2#1003-1008	DCCCLXIII	863	Approx. 10c	265
Add. 14,539	2#499	DCXXVII	627	Approx. 9c	266
Add. 14,540	2#499-500	DCXXVIII	628	Approx. 9c	267
(Add. 14,541)					268
Add. 14,541, foll. 1-10	2#501-502	DCXXX	630	Approx. 9c	269
Add. 14,541, foll. 39-49	2#585-586	DCXCIX	699	Approx. 8c-9c	270
Add. 14,541, foll. 50, 51	2#450	DLXIX	569	Approx. 6c-7c	271
Add. 14,541, fol. 52	3#1040	DCCCCXII	912	Approx. 9c	272
Add. 14,542	2#416-418	DXLVII	547	509	273
(Add. 14,543)	2#419-420	DL	550	Approx. 6c	274
Add. 14,544	2#421-422	DLII	552	Approx. 5c-6c	275
Add. 14,545	2#422	DLIII	553	Approx. 6c	276
Add. 14,546	2#718-719	DCCLVII	757	Approx. 7c	277
Add. 14,547	2#431-434	DLVII	557	Approx. 9c	278
Add. 14,548	2#434-436	DLVIII	558	790	279
Add. 14,549	2#428-431	DLVI	556	Approx. 8c-9c	280
Add. 14,550	2#443-444	DLXIV	564	Approx. 6c	281
Add. 14,551	2#485	DCXI	611	Approx. 8c	282
Add. 14,552	2#485-486	DCXII	612	Approx. 7c-8c	283
Add. 14,553	2#489-490	DCXVIII	618	Approx. 6c-7c	284
Add. 14,554	2#492	DCXXI	621	Approx. 9c	285
(Add. 14,555)					286
Add. 14,556	2#487-488	DCXIV	614	Approx. 6c-7c	287
Add. 14,557	2#719-721	DCCLVIII	758	Approx. 7c	288
Add. 14,558	2#466-467	DLXXXIII	583	557	289
Add. 14,559	2#468-269	DLXXXV	585	Approx. 6c	290
Add. 14,560	2#467	DLXXXIV	584	Approx. 6c	291
Add. 14,561	2#469	DLXXXVI	586	Approx. 6c-7c	292
Add. 14,562	2#470-471	DLXXXVIII	588	Approx. 7c-8c	293
Add. 14,563	2#471	DLXXXIX	589	Approx. 7c-8c	294
Add. 14,564	2#473-474	DXCI	591	Approx. 6c-7c	295
Add. 14,565	2#475-476	DXCIII	593	Approx. 6c-7c	296
(Add. 14,566)					297
Add. 14,566, foll. 1-28	2#476	DXCIV	594	Approx. 6c	298
Add. 14,566, foll. 29-112	2#476-477	DXCV	595	Approx. 6c-7c	299
Add. 14,567	2#478-479	DXCVII	597	Approx. 6c	300
Add. 14,568	2#405-406	DXXXI	531	599	301
Add. 14,569	2#406	DXXXII	532	Approx. 8c	302
Add. 14,570	2#406-407	DXXXIII	533	Approx. 5c-6c	303
Add. 14,571	2#410-413	DXXXIX	539	519	304
Add. 14,572	2#41	DXXXVIII	538	Approx. 6c	305
Add. 14,573	2#413-414	DXL	540	Approx. 6c	306
(Add. 14,574)					307
Add. 14,574, foll. 1-19	2#407-408	DXXXV	535	Approx. 6c	308
Add. 14,574, foll. 20-33	2#408-409	DXXXVI	536	Approx. 5c-6c	309
Add. 14,574, foll. 34-40	2#508-509	DCXL	640	Approx. 6c-7c	310
Add. 14,575	2#461-462	DLXXVI	576	Approx. 7c	311
Add. 14,576	2#462-464	DLXXVII	577	Approx. 8c	312
Add. 14,577	2#784-788	DCCXCIII	793	Approx. 9c	313
Add. 14,578	2#445-449	DLXVII	567	Approx. 6c-7c	314
Add. 14,579	2#815-818	DCCCVIII	808	913	315
Add. 14,580	2#767-769	DCCLXXXIII	783	866	316
Add. 14,581	2#655-657	DCCXXXIV	734	Approx. 6c	317
Add. 14,582	2#692-696	DCCLII	752	816	318
Add. 14,583	3#1076-1078	DCCCCXXIX	929	Approx. 11c	319
Add. 14,584	2#506-507	DCXXXVIII	638	Approx. 6c-7c	320
Add. 14,585	2#502-503	DCXXXI	631	Approx. 7c	321
Add. 14,586	2#503	DCXXXIII	633	Approx. 7c-8c	322
Add. 14,587	2#517-524	DCLXXII	672	603	323
Add. 14,588	2#806-807	DCCCIII	803	Approx. 9c-10c	324
Add. 14,589	2#858-859	DCCCXXX	830	Approx. 11c-12c	325
Add. 14,590	2#752-754	DCCLXXVII	777	Approx. 8c-9c	326
Add. 14,591	2#669-673	DCCXL	740	Approx. 6c	327
Add. 14,592	2#684-690	DCCXLVIII	748	Approx. 6c-7c	328
Add. 14,593	2#590-591	DCCIV	704	817	329
Add. 14,594	2#618-620	DCCXIX	719	Approx. 9c-10c	330
Add. 14,595	2#530-531	DCLXXVIII	678	Approx. 6c-7c	331
Add. 14,596	2#531-532	DCLXXX	680	Approx. 6c-7c	332
Add. 14,597	2#648-651	DCCXXX	730	569	333
Add. 14,598	2#731-732	DCCLXIV	764	Approx. 7c, 9c	334
Add. 14,599	2#546-548	DCLXXXVI	686	569	335
Add. 14,600	2#565-569	DCXCIII	693	Approx. 8c	336
Add. 14,601	2#789-793	DCCXCV	795	Approx. 9c	337
Add. 14,602	2#701-715	DCCLIV	754	Approx. 6c-7c	338
Add. 14,603	2#586-587	DCC	700	Approx. 7c	339
Add. 14,604	2#724-726	DCCLXI	761	Approx. 7c	340
Add. 14,605	2#715-717	DCCLV	755	653	341
(Add. 14,606)	2#744-745	DCCLXXII	772	Approx. 8c	342
Add. 14,607	2#683-684	DCCXLVII	747	Approx. 6c-7c	343
(Add. 14,608)					344
Add. 14,608, foll. 1-97	2#733-734	DCCLXVI	766	Approx. 7c-8c	345
Add. 14,608, foll. 98-124	2#723-724	DCCLX	760	Approx. 7c	346
Add. 14,609	3#1088-1090	DCCCCXLI	941	Approx. 6c (587)	347
Add. 14,610	2#638-639	DCCXXVIII	728	Approx. 6c (551)	348
Add. 14,611	2#824-827	DCCCXIII	813	Approx. 10c	349
Add. 14,612	2#696-701	DCCLIII	753	Approx. 6c-7c	350
Add. 14,613	2#810-815	DCCCVI	806	Approx. 9c-10c	351
(Add. 14,614)					352
Add. 14,614, foll. 1-79	2#832-833	DCCCXVII	817	Approx. 10c	353
Add. 14,614, foll. 80-127	2#745-746	DCCLXXIII	773	Approx. 8c	354
Add. 14,615	2#840-842	DCCCXXIV	824	Approx. 10c-11c	355
Add. 14,616	2#678-680	DCCXLIV	744	Approx. 6c-7c	356
Add. 14,617	2#740-742	DCCLXX	770	Approx. 7c-8c	357
Add. 14,618	2#736-738	DCCLXVIII	768	Approx. 7c-8c	358
Add. 14,619	2#401-403	DXXVIII	528	Approx. 6c	359
Add. 14,620	2#800-803	DCCC	800	Approx. 9c	360
Add. 14,621	2#756-759	DCCLXXIX	779	802	361
Add. 14,622	3#1150-1151	DCCCCLXXVIII	978	Approx. 9c	362
Add. 14,623	2#762-766	DCCLXXXI	781	823	363
Add. 14,624	2#781-782	DCCXCI	791	Approx. 9c	364
Add. 14,625	2#532	DCLXXXI	681	Approx. 10c	365
Add. 14,626	3#1087-1088	DCCCCXL	940	Approx. 6c	366
Add. 14,627	2#415	DXLII	542	Approx. 6c-7c	367
(Add. 14,628)					368
Add. 14,628, foll. 1-8	2#1021-1022	DCCCLXXVI	876	Approx. 11c	369
Add. 14,628, foll. 9-20	2#532-533	DCLXXXII	682	Approx. 6c-7c	370
(Add. 14,629)					371
Add. 14,629, foll. 1-24	2#754-756	DCCLXXVIII	778	Approx. 8c-9c	372
Add. 14,629, foll. 25-31	3#1111	DCCCCLI	951	Approx. 9c	373
(Add. 14,630)					374
Add. 14,630, foll. 1-27	2#818-819	DCCCX	810	Approx. 10c	375
Add. 14,630, fol. 28	2#512	DCXLVIII	648	Approx. 7c	376
Add. 14,630, foll. 29-41	2#481	DCIII	603	Approx. 9c	377
(Add. 14,631)					378
Add. 14,631, foll. 1-16	3#1149	DCCCCLXXII	972	Approx. 10c	379
Add. 14,631, foll. 17-44	3#108	DCCCCXXXIII	933	Approx. 9c-10c	380
Add. 14,631, foll. 45-53	2#815	DCCCVII	807	Approx. 9c-10c	381
Add. 14,632	2#576-581	DCXCV	695	Approx. 10c	382
Add. 14,633	2#569-576	DCXCIV	694	Approx. 10c	383
(Add. 14,634)					384
Add. 14,634, foll. 1, 2	2#515	DCLVIII	658	Approx. 9c-10c	385
Add. 14,634, foll. 3-49	2#514-515	DCLVI	656	Approx. 9c	386
Add. 14,634, foll. 50, 51	2#513	DCLIII	653	Approx. 8c-9c	387
Add. 14,634, foll. 52-57	2#422-423	DLIV	554	Approx. 9c	388
(Add. 14,635)					389
Add. 14,635, foll. 1-4	2#445	DLXV	565	Approx. 6c	390
Add. 14,635, foll. 5-15	2#449-450	DLXVIII	568	Approx. 6c	391
Add. 14,635, foll. 16-18	2#414	DXLI	541	Approx. 6c (555)	392
Add. 14,635, foll. 19, 20	2#419	DXLIX	549	Approx. 8c-9c	393
Add. 14,635, foll. 21-24	1#176	CCXXXVII	237	Approx. 11c	394
(Add. 14,636)					395
Add. 14,636, foll. 1-56	1#398	DXXII	522	Approx. 9c-10c	396
Add. 14,636, foll. 57-76	2#1019	DCCCLXXIII	873	Approx. 10c	397
Add. 14,636, foll. 77-82	2#1020	DCCCLXXIV	874	Approx. 10c	398
Add. 14,637	2#833-834	DCCCXVIII	818	Approx. 7c-8c	399
(Add. 14,638)					400
Add. 14,638, foll. 1-18	1#398-399	DXXIII	523	Approx. 9c-10c	401
Add. 14,638, foll. 19-26	1#399	DXXIV	524	Approx. 10c	402
Add. 14,639	3#1039-1040	DCCCCXI	911	Approx. 6c	403
Add. 14,640	3#1061-1062	DCCCCXX	920	Approx. 7c	404
Add. 14,641	3#1042-1046	DCCCCXVIII	918	Approx. 6c	405
Add. 14,642	3#1041-1042	DCCCCXVI	916	Approx. 10c	406
Add. 14,643	3#1040-1041	DCCCCXIII	913	Approx. 8c (mid)	407
Add. 14,644	3#1083-1086	DCCCCXXXVI	936	Approx. 5c-6c	408
Add. 14,645	3#1111-1116	DCCCCLII	952	936	409
(Add. 14,646)					410
Add. 14,646, foll. 1-133	3#1086-1087	DCCCCXXXVII	937	Approx. 6c	411
Add. 14,646, foll. 134-194	3#1087	DCCCCXXXIX	939	Approx. 6c	412
Add. 14,647	3#1094-1100	DCCCCXLV	945	688	413
Add. 14,648	3#1091-1092	DCCCCXLIII	943	Approx. 6c	414
(Add. 14,649)					415
Add. 14,649, foll. 1-179	3#1108-1111	DCCCCL	950	Approx. 9c	416
Add. 14,649, foll. 180-205	2#533	DCLXXXIII	683	Approx. 9c	417
Add. 14,650	3#1103-1107	DCCCCXLIX	949	Approx. 6c-7c	418
Add. 14,651	3#1101-1103	DCCCCXLVIII	948	850	419
Add. 14,652	2#651-652	DCCXXXI	731	Approx. 6c	420
Add. 14,653	2#807-809	DCCCIV	804	Approx. 9c-10c	421
Add. 14,654	3#1081-1083	DCCCCXXXV	935	Approx. 5c-6c	422
Add. 14,655	3#1119-1120	DCCCCLVII	957	Approx. 11c	423
Add. 14,656	2#819	DCCCXI	811	Approx. 10c	424
Add. 14,657	3#1150	DCCCCLXXIV	974	Approx. 9c	425
Add. 14,658	3#1154-1160	DCCCCLXXXVII	987	Approx. 7c	426
Add. 14,659	3#1163-1164	DCCCCXC		Approx. 8c-9c	427
Add. 14,660	3#1160-1162	DCCCCLXXXVIII	988	Approx. 9c-10c	428
Add. 14,661	3#1187	MIV	1004	Approx. 6c-7c	429
Add. 14,662	3#1189	MVI	1006	Approx. 9c	430
Add. 14,663	2#691-692	DCCLI	751	Approx. 6c-7c	431
(Add. 14,664)					432
Add. 14,664, foll, 1-17, 20, 21	1#203	CCLIV	254	Approx. 10c-11c	433
Add. 14,664, foll. 18, 19, 30-33	1#389	DVI	506	Approx. 10c	434
Add. 14,664, foll. 22-29	1#39	LXII	62	Approx. 10c-11c	435
Add. 14,664, fol. 34	1#378	CCCCLXXXV	485	Approx. 12c-13c	436
(Add. 14,665)					437
Add. 14,665, foll. 1-7	3#1118-1119	DCCCCLV	955	Approx. 10c-11c	438
Add. 14,665, foll. 8, 9	3#1151	DCCCCLXXXI	981	Approx. 8c	439
Add. 14,665, foll. 10-20	2#837	DCCCXXI	821	Approx. 6c-7c	440
Add. 14,665, foll. 21-24	1#389	DVII	507	Approx. 12c-13c	441
Add. 14,665, fol. 25	1#389	DVIII	508	Approx. 10c	442
Add. 14,665, foll. 26, 27	2#1022	DCCCLXXVII	877	Approx. 8c, 12c-13c	443
Add. 14,665, fol. 28	3#1172-1173	DCCCCXCVII	997	Approx. (9c-10c)	444
(Add. 14,666)					445
Add. 14,666, fol. 1	1#17	XXVIII	28	Approx. 10c-11c	446
Add. 14,666, fol. 2	1#17	XXVII	27	Approx. 8c	447
Add. 14,666, fol. 3	1#13	XX	20	Approx. 6c-7c	448
Add. 14,666, foll. 4, 5	1#123	CLXXII	172	Approx. 9c	449
Add. 14,666, foll. 6-9	1#123	CLXXIII	173	Approx. 9c	450
Add. 14,666, foll. 10-12	1#123	CLXXIV	174	Approx. 9c-10c	451
Add. 14,666, foll. 13-32	1#141	CCIV	204	Approx. 12c	452
Add. 14,666, foll. 33-36	1#141	CCV	205	Approx. 12c-13c	453
Add. 14,666, foll. 37	1#27	XLV	45	Approx. 6c-7c	454
Add. 14,666, foll. 38-46	1#27	XLIII	43	Approx. 6c-7c	455
Add. 14,666, fol. 47	1#69	CVII	107	Approx. 12c	456
Add. 14,666, fol. 48	1#69	CV	105	Approx. 10c	457
Add. 14,666, foll. 49, 50	1#72	CXV	115	Approx. 10c-11c	458
Add. 14,666, foll. 51-55	1#93	CXLIV	144	Approx. 7c-8c	459
Add. 14,666, fol. 56	1#92	CXLII	142	682	460
Add. 14,666, foll. 57-64	2#732-733	DCCLXV	765	Approx. 7c-8c	461
(Add. 14,667)					462
Add. 14,667, foll. 1-12	1#111	CLXIII	163	Approx. 10c	463
Add. 14,667, foll, 13-16	1#233	CCXCVIII	298	Approx. 9c-10c	464
Add. 14,667, foll, 17-28	1#225	CCLXXXIX	289	Approx. 10c-11c	465
Add. 14,667, foll. 29-38	1#228-229	CCXCII	292	Approx. 10c-11c	466
Add. 14,667, foll. 39, 40	1#388-389	DV	505	Approx. 10c-11c	467
Add. 14,667, foll. 41, 42	1#367	CCCCLXII	462	Approx. 11c	468
Add. 14,667, fol. 43	1#312	CCCXCI	391	Approx. 12c	469
Add. 14,667, foll. 44, 45	1#384	CCCCXCVI	496	Approx. 8c	470
Add. 14,667, foll. 46-49	1#384-385	DI	501	Approx. 10c	471
Add. 14,667, foll. 50, 51	3#1197-1198	MXXIV	1024	1057	472
Add. 14,667, foll. 52, 53	1#384	D	500	Approx. 10c	473
Add. 14,667, fol. 54	1#366	CCCCLIV	454	Approx. 9c	474
Add. 14,667, foll. 55-59	1#316	CCCCIII	403	Approx. 11c	475
Add. 14,667, foll. 60-63	1#295	CCCLII	352	Approx. 10c	476
Add. 14,667, fol. 64	3#1197	MXIX	1019	932	477
Add. 14,667, foll. 65-69	1#295	CCCLIII	353	Approx. 10c	478
Add. 14,667, foll. 70, 71	1#254	CCCXIV	314	Approx. 10c	479
Add. 14,667, foll. 72, 73	1#202-203	CCLIII	253	Approx. 11c	480
Add. 14,667, foll. 74, 75	1#312	CCCXC	390	Approx. 11c	481
Add. 14,667, foll. 76-78	1#316	CCCCI	401	Approx. 10c-11c	482
(Add. 14,668)					483
Add. 14,668, foll. 1-3	1#10	XIV	14	Approx. 9c	484
Add. 14,668, foll. 4-11	1#37	LIX	59	Approx. 8c	485
Add. 14,668, foll. 12-19	1#27	XLIV	44	Approx. 7c	486
Add. 14,668, foll. 20-25	1#20-21	XXXIII	33	Approx. 8c	487
Add. 14,668, foll. 26-29	1#37	LVIII	58	Approx. 8c	488
Add. 14,668, foll. 30, 31	1#72	CXIV	114	Approx. 9c	489
Add. 14,668, foll. 32-36	2#482	DCVII	607	Approx. 6c	490
Add. 14,668, foll. 37-39	2#605-606	DCCIX	709	Approx. 9c-10c	491
Add. 14,668, foll. 40-43	2#769	DCCLXXXIV	784	866	492
Add. 14,668, fol. 44	2#788	DCCXCIV	794	Approx. 9c	493
Add. 14,668, fol. 45	2#480-481	DC	600	Approx. 8c-9c	494
Add. 14,668, fol. 46	3#1196	MXVI	1016	888	495
(Add. 14,669)					496
Add. 14,669, foll. 1-18	2#483	DCVIII	608	Approx. 5c-6c	497
Add. 14,669, fol. 19	2#481	DCI	601	Approx. 10c	498
Add. 14,669, foll. 20, 21	1#204	CCLV	255	Approx. 6c	499
Add. 14,669, foll. 22	1#10	XV	15	Approx. 10c	500
Add. 14,669, foll. 23, 24	1#10	XIII	13	Approx. 6c	501
Add. 14,669, fol. 25	1#22	XXXV	35	Approx. 7c	502
Add. 14,669, fol. 26	1#69	CVIII	108	Approx. 12c	503
Add. 14,669, foll. 27, 28	1#69	CIV	104	Approx. 7c	504
Add. 14,669, foll. 29-33	1#68-69	CIII	103	Approx. 6c-7c	505
Add. 14,669, foll. 34-36	1#67	XCIX	99	Approx. 6c	506
Add. 14,669, fol. 37	1#72	CXIII	113	Approx. 6c	507
Add. 14,669, foll. 38-56	1#58	LXXXII	82	Approx. 9c	508
Add. 14,669, foll. 57-59	1#90	CXL	140	Approx. 6c-7c	509
(Add. 14,670)					510
Add. 14,670, fol. 1	2#48	DXCIX	599	Approx. 6c-7c	511
Add. 14,670, foll. 2-7	2#588-589	DCCII	702	Approx. 9c	512
Add. 14,670, foll. 8-13	2#464	DLXXIX	579	Approx. 9c	513
Add. 14,670, fol. 14	2#464	DLXXVIII	578	Approx. 6c	514
Add. 14,670, foll. 15-18	3#1164	DCCCCXCII	992	Approx. 7c	515
Add. 14,670, foll. 19-22	2#690-691	DCCL	750	Approx. 6c-7c	516
Add. 14,670, foll. 23-25	3#1153	DCCCCLXXXIV	984	Approx. 6c-7c	517
Add. 14,670, foll. 26-29	2#51	DCXLIII	643	Approx. 6c-7c	518
Add. 14,670, foll. 30-35	2#51	DCXLII	642	Approx. 6c-7c	519
Add. 14,670, foll. 36, 37	2#511	DCXLIV	644	Approx. 6c-7c	520
Add. 14,670, fol. 38	2#512	DCXLIX	649	Approx. 7c	521
Add. 14,670, fol. 39	2#512	DCXLVII	647	Approx. 7c	522
Add. 14,671	1#3	II	2	Approx. 13c	523
Add. 14,672	1#136	CXCIII	193	Approx. 13c-14c	524
Add. 14,673	1#132	CLXXXVIII	188	Approx. 13c	525
(Add. 14,674)					526
Add. 14,674, foll. 1-78	1#127-128	CLXXX	180	Approx. 12c	527
Add. 14,674, foll. 79-126	1#128	CLXXXI	181	Approx. 12c	528
Add. 14,675	1#129-131	CLXXXVI	186	Approx. 13c	529
(Add. 14,676)					530
Add. 14,676, foll. 1-42	1#128	CLXXXII	182	Approx. 12c	531
Add. 14,676, foll. 43-86	3#1074	DCCCCXXVI	926	Approx. 13c	532
Add. 14,677	1#131-132	CLXXXVII	187	Approx. 13c	533
Add. 14,678	1#132-133	CLXXXIX	189	1237	534
Add. 14,679	2#606	DCCX	710	1102	535
Add. 14,680	1#77-78	CXXII	122	Approx. 12c-13c	536
Add. 14,681	1#78-79	CXXIII	123	Approx. 12c-13c	537
Add. 14,682	2#608-610	DCCXIII	713	Approx. 10c	538
(Add. 14,683)					539
(Add. 14,684)					540
Add. 14,684, foll. 1-36	1#113	CLXVI	166	Approx. 12c	541
Add. 14,684, foll. 37-117	1#113-115	CLXVII	167	Approx. 12c-13c	542
Add. 14,685	3#1062-1064	DCCCCXXI	921	Approx. 10c-11c	543
Add. 14,686	1#169-172	CCXXVIII	228	1255	544
Add. 14,687	1#172-173	CCXXIX	229	1256	545
Add. 14,688	1#188-190	CCXLVII	247	Approx. 12c-13c	546
Add. 14,689	1#167-169	CCXXVII	227	1221	547
Add. 14,690	1#205-207	CCLXI	261	1182	548
(Add. 14,691)					549
Add. 14,691, foll. 1-109	1#208-209	CCLXIV	264	1230	550
Add. 14,691, foll. 110-114	1#95	CL	150	Approx. 13c	551
(Add. 14,692)					552
Add. 14,692, foll. 1-24	1#390-391	DXI	511	Approx. 15c	553
Add. 14,692, foll. 25-99	1#211-212	CCLXXIII	273	1347	554
(Add. 14,693)					555
Add. 14,693, foll. 1-141	1#210-211	CCLXXII	272	Approx. 13c-14c	556
Add. 14,693, foll. 142-184	1#212	CCLXXIV	274	Approx. 14c	557
(Add. 14,694)					558
Add. 14,694, foll. 1-43	1#209	CCLXVI	266	Approx. 13c	559
Add. 14,694, foll. 44-106	1#209-210	CCLXVII	267	Approx. 13c	560
Add. 14,695	1#285-286	CCCXLI	341	Approx. 11c-12c	561
Add. 14,696	1#289-290	CCCXLIV	344	Approx. 13c	562
Add. 14,697	1#286-288	CCCXLII	342	Approx. 12c (late)	563
Add. 14,698	1#288-289	CCCXLIII	343	Approx. 12c-13c	564
Add. 14,699	1#304-306	CCCLXXIV	374	1292	565
Add. 14,700	1#306	CCCLXXV	375	1292	566
Add. 14,701	1#278-279	CCCXXXV	335	1263	567
Add. 14,702	1#309-310	CCCLXXXV	385	Approx. 15c/1489	568
Add. 14,703	1#370-371	CCCCLXVII	467	Approx. 12c-13c	569
Add. 14,704	1#312-313	CCCXCIII	393	Approx. 13c	570
Add. 14,705	1#181-182	CCXLV	245	Approx. 11c	571
Add. 14,706	1#396-397	DXX	520	Approx. 13c	572
Add. 14,707	1#277-278	CCCXXXIV	334	Approx. 13c (early)	573
(Add. 14,708)					574
Add. 14,708, foll. 1-51	1#310-311	CCCLXXXVI	386	Approx. 15c (late)	575
Add. 14,708, foll. 52-121	1#308-309	CCCLXXXIII	383	Approx. 14c	576
Add. 14,708, foll. 122-161	1#309	CCCLXXXIV	384	Approx. 14c	577
(Add. 14,709)					578
Add. 14,709, foll. 1-71	1#303	CCCLXXI	371	1336	579
Add. 14,709, foll. 72-74	1#306	CCCLXXVII	377	1336	580
Add. 14,709, foll. 75-94	1#175-176	CCXXXVI	236	1484	581
Add. 14,710	1#325	CCCCXV	415	1259	582
Add. 14,711	1#320-321	CCCCIX	409	1222	583
Add. 14,712	1#291-292	CCCXLVI	346	Approx. 13c	584
Add. 14,713	1#351-352	CCCCXXXVII	437	Approx. 12c-13c	585
Add. 14,714	1#346-347	CCCCXXX	430	1075	586
(Add. 14,715)					587
Add. 14,715, foll. 1-152	1#379-380	CCCCLXXXVII	487	1257	588
Add. 14,715, foll. 153-216	1#233-234	CCC	300	Approx. 13c	589
Add. 14,715, foll. 217-241	1#311-312	CCCLXXXIX	389	Approx. 13c	590
(Add. 14,716)					591
Add. 14,716, foll. 1-78	1#328-329	CCCCXX	420	Approx. 13c	592
Add. 14,716, foll. 79-166	1#374-375	CCCCLXX	470	Approx. 13c	593
(Add. 14,717)					594
Add. 14,717, foll. 1-58	1#395-396	DXVIII	518	Approx. 13c	595
Add. 14,717, foll. 59-102	1#311	CCCLXXXVII	387	Approx. 13c	596
Add. 14,717, foll. 103-130	1#307	CCCLXXIX	379	Approx. 13c-14c	597
Add. 14,718	1#298-299	CCCLXIII	363	Approx. 13c	598
Add. 14,719	1#275-276	CCCXXX	330	1184	599
(Add. 14,720)					600
Add. 14,720, foll. 1-111	1#313	CCCXCIV	394	Approx. 13c	601
Add. 14,720, foll. 112-135	1#381-382	CCCCXCII	492	Approx. 14c	602
Add. 14,721	1#376-377	CCCCLXXII	472	Approx. 13c	603
(Add. 14,722)					604
Add. 14,722, foll. 1-61	2#1023-1024	DCCCLXXX	880	Approx. 13c	605
Add. 14,722, foll. 62-77	1#377	CCCCLXXIX	479	Approx. 14c	606
(Add. 14,723)					607
Add. 14,723, foll. 1, 2	1#377	CCCCLXXIII	473	Approx. 13c	608
Add. 14,723, foll. 3-65	1#358	CCCCXLVIII	448	Approx. 13c	609
Add. 14,723, foll. 66-113	1#144-145	CCXVII	217	Approx. 13c	610
(Add. 14,724)					611
Add. 14,724, foll. 1-113	1#375-376	CCCCLXXI	471	Approx. 13c	612
Add. 14,724, foll. 114-144	1#380-381	CCCCLXXXVIII	488	Approx. 13c	613
(Add. 14,725)					614
Add. 14,725, foll. 1-95	2#827-828	DCCCXIV	814	Approx. 10c	615
Add. 14,725, foll. 96-98	1#399	DXXV	525	Approx. 10c-11c	616
Add. 14,725, fol. 99	1#399	DXXVI	526	Approx. 10c-11c	617
Add. 14,725, foll. 100-215	2#441-443	DLXIII	563	Approx. 10c-11c	618
(Add. 14,726)					619
Add. 14,726, foll. 1-86	2#828-831	DCCCXV	815	Approx. 10c	620
Add. 14,726, foll. 87-128	2#617-618	DCCXVIII	718	Approx. 10c	621
Add. 14,727	2#886-890	DCCCXLVIII	848	Approx. 13c	622
(Add. 14,728)					623
Add. 14,728, foll. 1-75	2#882-883	DCCCXLII	842	Approx. 13c	624
Add. 14,728, foll. 76-137	2#876	DCCCXL	840	Approx. 12c-13c	625
Add. 14,728, foll. 138-207	2#883-884	DCCCXLIII	843	Approx. 13c	626
Add. 14,728, foll. 208-238	2#581	DCXCVI	696	Approx. 12c-13c	627
Add. 14,728, foll. 239-268	2#581-584	DCXCVII	697	Approx. 12c-13c	628
(Add. 14,729)					629
Add. 14,729, foll. 1-115	2#860-865	DCCCXXXII	832	1172-3	630
Add. 14,729, foll. 116-123	2#873-874	DCCCXXXVIII	838	Approx. 12c-13c	631
Add. 14,729, foll. 124-192	2#874-876	DCCCXXXIX	839	Approx. 12c-13c	632
Add. 14,729, foll. 193-198	1#389-390	DIX	509	Approx. 13c	633
Add. 14,729, foll. 199-234	2#584-585	DCXCVIII	698	Approx. 12c-13c	634
(Add. 14,730)					635
Add. 14,730, foll. 1-111	2#865-866	DCCCXXXIV	834	Approx. 12c	636
Add. 14,730, foll. 112-164	3#1122-1123	DCCCCLIX	959	Approx. 12c	637
Add. 14,731	2#853-855	DCCCXXVII	827	Approx. 11c	638
(Add. 14,732)					639
Add. 14,732, foll. 1-227	3#1141-1146	DCCCCLXIII	963	Approx. 13c	640
Add. 14,732, fol. 228	2#517	DCLXVIII	668	Approx. 12c-13c	641
Add. 14,732, foll. 229-237	2#867	DCCCXXXVI	836	Approx. 12c	642
Add. 14,733	3#1139-1140	DCCCCLXI	961	1199	643
(Add. 14,734)					644
Add. 14,734, foll. 1-176	3#1147-1148	DCCCCLXVII	967	1085	645
Add. 14,734, foll. 177-223	3#1119	DCCCCLVI	956	Approx. 11c	646
(Add. 14,735)					647
Add. 14,735, foll. 1-23	3#1151	DCCCCLXXIX	979	Approx. 13c	648
Add. 14,735, foll. 24-50	3#1149	DCCCCLXXI	971	Approx. 13c	649
Add. 14,735, foll. 51-71	3#1148	DCCCCLXIX	969	Approx. 12c-13c	650
Add. 14,735, foll. 72-173	3#1120-1122	DCCCCLVIII	958	Approx. 12c	651
(Add. 14,736)					652
Add. 14,736, foll. 1, 2	2#591	DCCV	705	Approx. 13c-14c	653
Add. 14,736, fol. 3	2#1026	DCCCCIV	904	Approx. 13c	654
Add. 14,736, foll. 4-9	2#416	DXLV	545	Approx. 13c	655
Add. 14,736, foll. 10, 11	2#517	DCLXIX	669	Approx. 12c-13c	656
Add. 14,736, fol. 12	3#1153	DCCCCLXXXV	985	Approx. 14c	657
Add. 14,736, foll. 13-21	1#174	CCXXXI	231	Approx. 13c	658
Add. 14,736, foll. 22-32	2#1022	DCCCLXXVIII	878	Approx. 13c	659
Add. 14,736, fol. 33	1#21	CCLXVIII	268	Approx. 13c	660
Add. 14,736, fol. 34	1#21	CCLXIX	269	Approx. 13c	661
Add. 14,736, foll. 35-47	1#303	CCCLXX	370	Approx. 12c-13c	662
Add. 14,736, fol. 48	1#396	DXIX	519	Approx. 13c	663
Add. 14,736, foll. 49-52	1#39	DX	510	1483	664
Add. 14,736, foll. 53-55	1#296	CCCLVII	357	Approx. 13c	665
Add. 14,736, foll. 56, 57	1#378	CCCCLXXXII	482	Approx. 15c	666
Add. 14,736, fol. 58	1#378	CCCCLXXXIII	483	Approx. 15c	667
Add. 14,736, fol. 59	1#378	CCCCLXXXIV	484	Approx. 15c	668
Add. 14,736, fol. 60	1#391	DXII	512	Approx. 15c	669
Add. 14,736, foll. 61-63	1#301	CCCLXV	365	Approx. 15c	670
Add. 14,736, foll. 64, 65	1#315-316	CCCXCIX	399	1492	671
Add. 14,736, fol. 66	1#316	CCCCII	402	Approx. 16c	672
(Add. 14,737)					673
Add. 14,737, foll. 1-10	1#175	CCXXXV	235	Approx. 15c	674
Add. 14,737, foll. 11-17	1#175	CCXXXIV	234	Approx. 14c	675
Add. 14,737, foll. 18-34	1#21	CCLXX	270	Approx. 13c	676
Add. 14,737, foll. 35-49	1#212	CCLXXVI	276	Approx. 14c	677
Add. 14,737, fol. 50	1#212	CCLXXVII	277	Approx. 14c	678
Add. 14,737, foll. 51, 52	1#207	CCLXII	262	Approx. 12c-13c	679
Add. 14,737, foll. 53,54	1#213	CCLXXX	280	Approx. 15c	680
Add. 14,737, foll. 55-58	1#314	CCCXCVIII	398	Approx. 13c-14c	681
Add. 14,737, foll. 59-64	1#377	CCCCLXXIV	474	Approx. 13c	682
Add. 14,737, foll. 65-70	1#297	CCCLIX	359	Approx. 12c-13c	683
Add. 14,737, foll. 71, 72	1#276	CCCXXXI	331	Approx. 12c	684
Add. 14,737, foll. 73-76	1#377	CCCCLXXV	475	Approx. 13c	685
Add. 14,737, foll. 77-84	1#274-275	CCCXXIX	329	1175	686
Add. 14,737, foll. 85, 86	3#1146	DCCCCLXV	965	Approx. 13c	687
Add. 14,737, foll. 87-91	2#1026	DCCCCIII	903	Approx. 13c	688
Add. 14,737, fol. 92	2#517	DCLXX	670	Approx. 13c-14c	689
Add. 14,737, fol. 93-97	3#1230			Approx. 12c-16c	690
Add. 14,737, fol. 98	3#1199	MXXXI	1031	1332	691
Add. 14,737, fol. 99	3#1199-1200	MXXXIII	1033	1493	692
(Add. 14,738)					693
Add. 14,738, fol. 1	1#7	VIII	8	Approx. 14c	694
Add. 14,738, foll. 2-5	1#136	CXCII	192	Approx. 13c	695
Add. 14,738, foll. 6, 7	1#83	CXXX	130	Approx. 13c	696
Add. 14,738, foll. 8, 9	1#95-96	CLII	152	Approx. 13c-14c	697
Add. 14,738, fol. 10	1#174	CCXXXII	232	Approx. 13c	698
Add. 14,738, foll. 11-22	1#212	CCLXXV	275	Approx. 14c	699
Add. 14,738, foll. 23-34	1#210	CCLXXI	271	Approx. 13c	700
Add. 14,738, foll. 35, 36	1#213	CCLXXIX	279	Approx. 14c	701
Add. 14,738, foll. 37-60	1#279	CCCXXXVI	336	Approx. 13c	702
Add. 14,738, foll. 61-63	1#377	CCCCLXXVI	476	Approx. 13c	703
Add. 14,738, foll. 64-76	1#381	CCCCXC	490	Approx. 13c-14c	704
Add. 14,738, foll. 77, 78	1#316	CCCCV	405	Approx. 13c	705
Add. 14,738, foll. 79-81	1#377	CCCCLXXVII	477	Approx. 13c	706
Add. 14,738, foll. 82, 83	1#377	CCCCLXXX	480	Approx. 14c	707
Add. 14,738, fol. 84	1#377	CCCCLXXVIII	478	Approx. 13c-14c	708
Add. 14,738, foll. 85-89	2#890	DCCCXLIX	849	Approx. 13c-14c	709
Add. 14,738, foll. 90-104	3#1150	DCCCCLXXV	975	Approx. 13c	710
Add. 14,738, fol. 105	3#1153	DCCCCLXXXVI	986	Approx. 13c	711
Add. 14,738, foll. 106, 107	3#1149	DCCCCLXX	970	Approx. 12c-13c	712
Add. 14,738, foll. 108, 109	2#1026	DCCCCII	902	Approx. 12c-13c	713
Add. 14,738, foll. 110-113	2#1026	DCCCC	900	Approx. 12c	714
Add. 14,738, foll. 114, 115	3#1164	DCCCCXCI	991	Approx. 11c	715
Add. 14,738, fol. 116	2#1026	DCCCCI	901	Approx. 12c	716
Add. 14,738, foll. 117, 118	2#516	DCLXV	665	Approx. 11c	717
Add. 14,738, fol. 119	2#1026	DCCCXCIX	899	Approx. 11c-12c	718
Add. 14,738, fol. 120	3#1199	MXXXII	1032	1413	719
(Add. 14,739)					720
Add. 14,739, foll. 1-6	2#866-867	DCCCXXXV	835	Approx. 12c	721
Add. 14,739, foll. 7-11	2#516-517	DCLXVI	666	Approx. 11c-12c	722
Add. 14,739, foll. 12-14	2#516	DCLXIII	663	Approx. 12c	723
Add. 14,739, foll. 15-18	1#28	CCCXXXVII	337	Approx. 13c	724
Add. 14,739, foll. 19-22	1#178	CCXLII	242	Approx. 13c-14c	725
Add. 14,739, fol. 23	1#316	CCCC	400	1483	726
Add. 14,739, fol. 24	3#1198-1199	MXXIX	1029	Approx. 13c	727
Add. 15,443	1#139-141	CCIII	203	1826	728
Add. 17,102	1#11-12	XVII	17	599	729
Add. 17,103	1#32-33	LII	52	Approx. 8c	730
Add. 17,104	1#16-17	XXV	25	Approx. 6c	731
(Add. 17,105)	1#22-23	XXXVI	36	Approx. 6c	732
(Add. 17,106)					733
Add. 17,106, foll. 1-73	1#23	XXXVII	37	Approx. 6c-7c	734
Add. 17,106, foll. 74-87	1#28	XLVII	47	Approx. 7c	735
Add. 17,107	1#23-24	XXXVIII	38	541	736
Add. 17,108	1#18	XXIX	29	Approx. 6c	737
Add. 17,109	1#120-122	CLXX	170	873-874	738
Add. 17,110	1#116-119	CLXVIII	168	600 (at latest)	739
Add. 17,111	1#125-126	CLXXVI	176	927	740
Add. 17,112	1#127	CLXXIX	179	Approx. 10c-11c	741
Add. 17,113	1#48-49	LXXII	72	Approx. 6c-7c	742
Add. 17,114	1#45-46	LXVIII	68	Approx. 6c-7c	743
Add. 17,115	1#66	XCVI	96	Approx. 6c	744
Add. 17,116	1#65	XCIII	93	Approx. 6c	745
Add. 17,117	1#64	XCI	91	Approx. 5c-6c (early)	746
Add. 17,118	1#57-58	LXXXI	81	Approx. 8c-9c	747
Add. 17,119	1#71-72	CXII	112	Approx. 6c-7c	748
Add. 17,120	1#8	CXXVI	126	Approx. 6c	749
Add. 17,121	1#80-81	CXXVII	127	Approx. 6c	750
Add. 17,122	1#87-88	CXXXVII	137	Approx. 6c	751
Add. 17,123	1#93	CXLV	145	Approx. 9c-10c	752
Add. 17,124	1#42-44	LXV	65	1234	753
Add. 17,125	1#123-125	CLXXV	175	Approx. 9c-10c	754
Add. 17,126	2#526	DCLXXIV	674	511	755
Add. 17,127	2#1020-1021	DCCCLXXV	875	1088	756
Add. 17,128	1#226-227	CCXC	290	Approx. 10c-11c	757
Add. 17,129	1#383	CCCCXCIV	494	Approx. 7c-8c	758
Add. 17,130	1#392-393	DXIII	513	877	759
Add. 17,131	1#395	DXVI	516	Approx. 12c	760
Add. 17,132	1#371	CCCCLXVIII	468	Approx. 12c-13c	761
Add. 17,133	1#324	CCCCXII	412	Approx. 11c	762
Add. 17,134	1#330-339	CCCCXXI	421	675	763
Add. 17,135	1#293-294	CCCL	350	Approx. 10c	764
Add. 17,136	1#343-345	CCCCXXVII	427	Approx. 10c-11c	765
Add. 17,137	1#369-370	CCCCLXV	465	Approx. varied	766
Add. 17,138	1#295	CCCLIV	354	Approx. 11c	767
Add. 17,139	1#343	CCCCXXVI	426	Approx. 10c-11c	768
Add. 17,140	1#345-346	CCCCXXIX	429	Approx. 11c	769
Add. 17,141	1#359-363	CCCCL	450	Approx. 8c-9c	770
Add. 17,142	3#1042	DCCCCXVII	917	Approx. 6c	771
Add. 17,143	2#416	DXLVI	546	Approx. 5c	772
Add. 17,144	2#652-654	DCCXXXII	732	Approx. 6c	773
Add. 17,145	2#418-419	DXLVIII	548	Approx. 8c-9c	774
Add. 17,146	2#437-438	DLX	560	Approx. 6c-7c	775
Add. 17,147	2#438-440	DLXI	561	Approx. 8c-9c	776
Add. 17,148	2#717-718	DCCLVI	756	Approx. 7c	777
Add. 17,149	2#668-669	DCCXXXIX	739	Approx. 6c	778
Add. 17,150	2#492-493	DCXXII	622	Approx. 7c-8c	779
Add. 17,151	2#490-491	DCXIX	619	Approx. 7c	780
Add. 17,152	2#477-478	DXCVI	596	594	781
Add. 17,153	2#531	DCLXXIX	679	Approx. 6c	782
Add. 17,154	2#557-558	DCXCI	691	Approx. 7c	783
Add. 17,155	2#507-508	DCXXXIX	639	Approx. 6c-7c	784
(Add. 17,156)					785
Add. 17,156, foll. 1-12	3#1162-1163	DCCCCLXXXIX	989	Approx. 9c	786
Add. 17,156, foll. 13-15	3#1187-1188	MV	1005	Approx. 8c	787
Add. 17,156, foll. 16-31	1#302	CCCLXVII	367	Approx. 10c	788
Add. 17,157	2#504-505	DCXXXVI	636	565	789
(Add. 17,158)					790
Add. 17,158, foll. 1-48	2#681-683	DCCXLVI	746	Approx. 6c-7c	791
Add. 17,158, foll. 49-56	2#513	DCLI	651	Approx. 8c	792
Add. 17,158, fol. 57	2#416	DXLIV	544	Approx. 8c	793
(Add. 17,159)					794
Add. 17,159, foll. 1-63	2#511	DCXLV	645	Approx. 7c	795
Add. 17,159, foll. 64-93	2#511-512	DCXLVI	646	Approx. 7c	796
(Add. 17,160)					797
Add. 17,160, foll. 1-18	2#512-513	DCL	650	Approx. 7c	798
Add. 17,160, foll. 19-23	2#481-482	DCIV	604	Approx. 6c-7c	799
Add. 17,160, foll. 24-26	2#1018	DCCCLXIX	869	Approx. 8c	800
Add. 17,160, fol. 27	2#1025	DCCCLXXXIX	889	Approx. 7c	801
Add. 17,160, fol. 28	2#1024	DCCCLXXXIII	883	Approx. 6c-7c	802
Add. 17,160, foll. 29, 30	1#235-236	CCCIII	303	789	803
Add. 17,161	2#505-506	DCXXXVII	637	Approx. 6c	804
(Add. 17,162)					805
Add. 17,162, foll. 1-14	1#111-112	CLXIV	164	Approx. 10c-11c	806
Add. 17,162, foll. 15-27	2#513-514	DCLIV	654	Approx. 9c	807
(Add. 17,163)					808
Add. 17,163, foll. 1-48	2#524-526	DCLXXIII	673	Approx. 7c	809
Add. 17,163, foll. 49-53	2#1018	DCCCLXX	870	Approx. 9c	810
Add. 17,164	2#680-681	DCCXLV	745	Approx. 6c-7c	811
(Add. 17,165)		DCCXXXIII	733		812
Add. 17,166	2#658-660	DCCXXXVII	737	Approx. 6c	813
Add. 17,167	2#676-678	DCCXLIII	743	Approx. 6c-7c	814
(Add. 17,168)					815
Add. 17,168, fol. 1-113	2#782-784	DCCXCII	792	Approx. 9c	816
Add. 17,168, foll. 114-153	2#777-778	DCCLXXXVIII	788	Approx. 9c	817
Add. 17,168, foll. 154-184	2#800	DCCXCIX	799	Approx. 9c	818
Add. 17,169	2#450-454	DLXXII	572	581	819
Add. 17,170	2#454-458	DLXXIII	573	774-5	820
(Add. 17,171)					821
Add. 17,171, foll. 1-16	2#657	DCCXXXV	735	Approx. 6c	822
Add. 17,171, foll. 17-23	2#513	DCLII	652	Approx. 8c	823
Add. 17,172	2#759-762	DCCLXXX	780	819-830	824
Add. 17,173	2#726-729	DCCLXII	762	Approx. 7c	825
Add. 17,174	3#1074-1076	DCCCCXXVIII	928	929	826
Add. 17,175	3#1080	DCCCCXXXII	932	Approx. 10c	827
Add. 17,176	3#1072-1073	DCCCCXXIV	924	532	828
Add. 17,177	3#1073-1074	DCCCCXXV	925	Approx. 6c	829
Add. 17,178	2#855-857	DCCCXXVIII	828	Approx. 11c-12c	830
Add. 17,179	2#857-858	DCCCXXIX	829	Approx. 11c-12c	831
Add. 17,180	2#851-853	DCCCXXVI	826	Approx. 11c	832
Add. 17,181	2#661-668	DCCXXXVIII	738	Approx. 6c	833
(Add. 17,182)					834
Add. 17,182, foll. 1-99	2#403-404	DXXIX	529	474	835
Add. 17,182, foll. 100-174	2#404-405	DXXX	530	512	836
Add. 17,183	2#819-823	DCCCXII	812	Approx. 10c	837
Add. 17,184	2#509-510	DCXLI	641	Approx. 6c-7c	838
Add. 17,185	2#838-840	DCCCXXII	822	Approx. 10c-11c	839
Add. 17,186	2#420-421	DLI	551	Approx. 6c	840
Add. 17,187	2#605	DCCVIII	708	Approx. 10c	841
Add. 17,188	2#620-622	DCCXXI	721	Approx. 10c-11c	842
(Add. 17,189)					843
Add. 17,189, foll. 1-16	2#407	DXXXIV	534	Approx. 5c-6c	844
Add. 17,189, foll. 17-21	2#1016	DCCCLXV	865	Approx. 6c	845
Add. 17,190	1#243-244	CCCVII	307	893	846
Add. 17,191	2#1008-1015	DCCCLXIV	864	Approx. 9c-10c	847
Add. 17,192	2#778-781	DCCLXXXIX	789	Approx. 9c	848
Add. 17,193	2#989-1002	DCCCLXI	861	874	849
Add. 17,194	2#1002-1003	DCCCLXII	862	886	850
Add. 17,195	2#914-915	DCCCLIV	854	Approx. 10c	851
Add. 17,196	2#776-777	DCCLXXXVII	787	Approx. 6c	852
(Add. 17,197)					853
Add. 17,197, foll. 1-25	2#440-441	DLXII	562	Approx. 9c-10c	854
Add. 17,197, foll. 26-46	2#606-608	DCCXI	711	Approx. 9c-10c	855
Add. 17,198	2#503	DCXXXII	632	Approx. 7c	856
Add. 17,199	2#612-613	DCCXV	715	Approx. 8c	857
Add. 17,200	2#554-555	DCLXXXIX	689	Approx. 7c	858
(Add. 17,201)					859
Add. 17,201, foll. 1-15	2#690	DCCXLIX	749	Approx. 6c-7c	860
Add. 17,201, foll. 16-21	2#458	DLXXIV	574	Approx. 8c	861
Add. 17,201, foll. 22-25	3#1149	DCCCCLXXIII	973	Approx. 7c-8c	862
Add. 17,201, foll. 26-32	2#465	DLXXXI	581	Approx. 9c-10c	863
Add. 17,202	3#1046-1061	DCCCCXIX	919	Approx. 6c (late)- 7c(early)	864
Add. 17,203	3#1151	DCCCCLXXX	980	Approx. 11c	865
Add. 17,204	3#1081	DCCCCXXXIV	934	Approx. 5c	866
Add. 17,205	3#1087	DCCCCXXXVIII	938	Approx. 6c	867
Add. 17,206	2#859-860	DCCCXXXI	831	Approx. 11c-12c	868
Add. 17,207	1#365-366	CCCCLIII	453	Approx. 8c-9c	869
Add. 17,208	2#613-617	DCCXVII	717	Approx. 9c	870
Add. 17,209	3#1184-1186	MIII	1003	Approx. 9c	871
Add. 17,210-211	2#548-550	DCLXXXVII	687	Approx. 5c	872
Add. 17,212	2#479-480	DXCVIII	598	Approx. 9c-10c	873
(Add. 17,213)					874
Add. 17,213, foll. 1,2	1#37	LVII	57	Approx. 9c	875
Add. 17,213, fol. 3	1#28	XLVI	46	Approx. 9c	876
Add. 17,213, foll. 4,5	2#401	DXXVII	527	Approx. 6c	877
Add. 17,213, foll. 6, 7	2#1025	DCCCXCI	891	Approx. 8c-9c	878
Add. 17,213, foll. 8-10	2#752	DCCLXXVI	776	Approx. 8c-9c	879
Add. 17,213, foll. 11,12	2#515	DCLVII	657	Approx. 9c-10c	880
Add. 17,213, fol. 13	2#515	DCLIX	659	Approx. 10c	881
Add. 17,213, fol. 14	2#515-516	DCLXI	661	Approx. 11c	882
Add. 17,213, fol. 15	2#516	DCLXII	662	Approx. 11c	883
Add. 17,213, foll. 16, 17	2#515	DCLX	660	Approx. 10c	884
Add. 17,213, fol. 18	2#516	DCLXIV	664	Approx. 10c	885
Add. 17,213, fol. 19	3#115	DCCCCLXXVII	977	Approx. 10c-11c	886
Add. 17,213, fol. 20	1#295-296	CCCLV	355	1101	887
Add. 17,213, foll. 21-39	2#781	DCCXC	790	Approx. 9c	888
Add. 17,213, fol. 40	1#176	CCXXXVIII	238	Approx. 13c	889
Add. 17,213, fol. 41	3#1198	MXXVII	1027	1209	890
Add. 17,213, foll. 41, 42	1#367	CCCCLIX	459	Approx. 11c	891
Add. 17,213, fol. 42	3#1197	MXXII	1022	Approx. 10c	892
Add. 17,213, fol. 43	3#1194	MX	1010	Approx. 6c-7c	893
Add. 17,214	2#915-917	DCCCLV	855	Approx. 7c	894
(Add. 17,215)					895
Add. 17,215, foll. 1-4	2#1018-1019	DCCCLXXII	872	Approx. 9c-10c	896
Add. 17,215, foll. 5, 6	3#1164-1165	DCCCCXCIII	993	839	897
Add. 17,215, foll. 7, 8	3#1165	DCCCCXCIV	994	Approx. 9c	898
Add. 17,215, foll. 9-21	2#810	DCCCV	805	Approx. 9c-10c	899
Add. 17,215, foll. 22-25	1#388	DIII	503	Approx. 10c-11c	900
Add. 17,215, foll. 26, 27	2#1025	DCCCXCII	892	Approx. 8c-9c	901
Add. 17,215, foll. 28, 29	2#493	DCXXIII	623	Approx. 10c	902
Add. 17,215, foll. 30-33	2#1016	DCCCLXVI	866	Approx. 7c-8c	903
Add. 17,215, fol. 34	2#503-504	DCXXXIV	634	Approx. 8c-9c	904
Add. 17,215, foll. 36-43	2#840	DCCCXXIII	823	Approx. 10c-11c	905
Add. 17,215, foll. 44, 45	2#1026	DCCCXCVI	896	Approx. 9c	906
Add. 17,215, foll. 46, 47	3#1074	DCCCCXXVII	927	Approx. 8c	907
Add. 17,215, fol. 48	3#1196-1197	MXVIII	1018	Approx. 9c-10c	908
Add. 17,215, fol. 49	3#1198	MXXV	1025	Approx. 11c	909
Add. 17,215, fol. 50	3#1200	MXXXVI	1036	Approx. (not given)	910
(Add. 17,216)					911
Add. 17,216, fol. 1	3#1041	DCCCCXIV	914	Approx. 8c-9c	912
Add. 17,216, foll. 2-14	3#1041	DCCCCXV	915	Approx. 8c-9c	913
Add. 17,216, foll. 15-25	1#272	CCCXXVI	326	Approx. 11c	914
Add. 17,216, foll. 26, 27	1#302	CCCLXVIII	368	Approx. 10c	915
Add. 17,216, foll. 28-31	1#366	CCCCLVI	456	Approx. 9c	916
Add. 17,216, foll. 32, 33	2#533-534	DCLXXXIV	684	Approx. 13c	917
Add. 17,216, foll. 34-42	1#37	CCCCLXVI	466	Approx. 12c	918
Add. 17,216, fol. 43	2#1037	DCCCCX	910	Approx. 8c-9c	919
Add. 17,216, fol. 44	3#1150	DCCCCLXXVI	976	Approx. 9c	920
Add. 17,216, fol. 45	3#1147	DCCCCLXVI	966	Approx. 9c-10c	921
Add. 17,216, fol. 46	1#367	CCCCLXI	461	Approx. 11c	922
Add. 17,216, fol. 47	3#1195-1196	MXV	1015	869	923
Add. 17,216, fol. 48	3#1195	MXIV	1014	849	924
Add. 17,216, fol. 49	3#1197	MXX	1020	-932	925
Add. 17,216, fol. 50	3#1194	MXI	1011	Approx. 10c/6c-7c	926
Add. 17,216, fol. 51	3#1197	MXXI	1021	-932	927
Add. 17,216, foll. 52, 53	3#1196	MXVII	1017	Approx. 9c	928
(Add. 17,217)					929
Add. 17,217, foll. 1-19	2#613	DCCXVI	716	Approx. 9c-10c	930
Add. 17,217, foll. 20-32	2#482	DCVI	606	Approx. 9c	931
Add. 17,217, foll. 33-36	2#488	DCXV	615	Approx. 8c	932
Add. 17,217, foll. 37, 38	3#1168-1172	DCCCCXCVI	996	Approx. 9c-10c	933
Add. 17,217, fol. 39	2#488-489	DCXVI	616	Approx. 6c-7c	934
Add. 17,217, fol. 40	2#1024	DCCCLXXXVI	886	Approx. 6c-7c	935
Add. 17,217, fol. 41	2#484-485	DCX	610	Approx. 6c-7c	936
Add. 17,217, fol. 42	2#1025	DCCCXC	890	Approx. 7c-8c	937
Add. 17,217, fol. 43	2#793	DCCXCVI	796	Approx. 9c	938
Add. 17,217, fol. 44	2#1025	DCCCXCIII	893	Approx. 9c	939
Add. 17,217, fol. 45	3#1101	DCCCCXLVII	947	Approx. 7c-8c	940
Add. 17,217, foll. 46, 47	2#450	DLXXI	571	Approx. 9c-10c	941
Add. 17,217, fol. 48	2#1024-1025	DCCCLXXXVII	887	Approx. 6c-7c	942
Add. 17,217, fol. 49	2#1025	DCCCLXXXVIII	888	Approx. 7c	943
Add. 17,217, fol. 50	2#1024	DCCCLXXXIV	884	Approx. 6c-7c	944
Add. 17,217, fol. 51	2#1024	DCCCLXXXV	885	Approx. 6c-7c	945
Add. 17,217, fol. 52	2#1024	DCCCLXXXI	881	Approx. 6c	946
Add. 17,217, fol. 53	2#1025-1026	DCCCXCV	895	Approx. 9c	947
Add. 17,217, fol. 54	1#146	CCXIX	219	Approx. 6c-7c	948
Add. 17,217, foll. 55, 56	2#1025	DCCCXCIV	894	Approx. 9c	949
Add. 17,217, foll. 57, 58	2#818	DCCCIX	809	Approx. 10c	950
Add. 17,217, fol. 59	3#1195	MXIII	1013	Approx. 8c	951
Add. 17,217, fol. 60	3#1194	MIX	1009	Approx. 6c	952
Add. 17,217, fol. 61	3#1197	MXXIII	1023	Approx. 8c	953
Add. 17,217, foll. 62	3#12	MXXXIV	1034	Approx. (not given)	954
Add. 17,217, fol. 63	3#1195	MXII	1012	Approx. illegible	955
(Add. 17,218)					956
Add. 17,218, fol. 3	1#303	CCCLXXII	372	Approx. 9c	957
Add. 17,218, foll. 4-22	1#202	CCLII	252	Approx. 11c	958
Add. 17,218, foll. 23-40	1#154	CCXXIII	223	Approx. 9c-10c	959
Add. 17,218, fol. 43	2#415	DXLIII	543	Approx. 7c	960
Add. 17,218, foll. 44-46	1#365	CCCCLII	452	Approx. 8c-9c	961
Add. 17,218, fol. 47	1#367	CCCCLVII	457	Approx. 10c	962
Add. 17,218, foll. 48, 49	1#384	CCCCXCVIII	498	Approx. 9c-10c	963
Add. 17,218, foll. 50, 51	1#367	CCCCLVIII	458	Approx. 11c	964
Add. 17,218, fol. 52	1#384	CCCCXCVII	497	Approx. 9c	965
Add. 17,218, foll, 53, 54	1#233	CCXCVII	297	Approx. 8c	966
Add. 17,218, fol. 55	1#395	DXVII	517	Approx. 12c	967
Add. 17,218, fol. 56	1#316	CCCCIV	404	Approx. 11c 	968
Add. 17,218, fol. 57	1#274	CCCXXVIII	328	Approx. 11c-12c	969
Add. 17,218, fol. 58	2#1026	DCCCXCVII	897	Approx. 9c-10c	970
Add. 17,218, foll. 59-69	2#514	DCLV	655	Approx. 9c	971
Add. 17,218, foll. 70-83	2#806	DCCCII	802	Approx. 9c	972
Add. 17,218, fol. 84	2#1024	DCCCLXXXII	882	Approx. 6c	973
Add. 17,218, foll. 85, 86	2#1018	DCCCLXXI	871	Approx. 9c	974
Add. 17,218, foll. 87, 88	2#1016-1017	DCCCLXVII	867	Approx. 7c-8c	975
Add. 17,218, fol. 89	2#1026	DCCCXCVIII	898	Approx. 10c	976
Add. 17,218, fol. 90	1#100	CLX	160	Approx. 10c	977
Add. 17,218, foll. 91-96	1#177	CCXL	240	Approx. 12c	978
Add. 17,218, fol. 97	3#12	MXXXV	1035	Approx. (not given)	979
Add. 17,219	1#134-136	CXCI	191	Approx. 13c	980
Add. 17,220	1#133-134	CXC	190	Approx. 13c	981
Add. 17,221	1#145	CCXVIII	218	Approx. 14c-15c	982
Add. 17,222	1#143	CCX	210	Approx. 13c	983
Add. 17,223	1#137	CXCVII	197	Approx. 14c	984
(Add. 17,224)					985
Add. 17,224, foll. 1-17	1#306	CCCLXXVI	376	Approx. 13c	986
Add. 17,224, fol. 18	1#298	CCCLXII	362	Approx. 13c	987
Add. 17,224, foll. 19-21	1#174-175	CCXXXIII	233	Approx. 13c-14c	988
Add. 17,224, foll. 22-33	1#173-174	CCXXX	230	Approx. 13c	989
Add. 17,224, foll. 34, 35	1#194	CCXLIX	249	Approx. 12c-13c	990
Add. 17,224, fol. 36	3#1198	MXXVIII	1028	Approx. 13c	991
Add. 17,224, foll. 37-42	1#69-70	CIX	109	Approx. 13c	992
Add. 17,224, foll. 43-57	1#67	XCVIII	98	1173	993
Add. 17,224, foll. 58-65	1#66	XCV	95	Approx. 13c	994
Add. 17,224, fol. 66	1#71	CXI	111	Approx. 13c	995
Add. 17,224, foll. 67-70	1#95	CXLVIII	148	Approx. 13c	996
Add. 17,224, foll. 71, 72	1#95	CXLIX	149	Approx. 13c	997
Add. 17,224, foll. 73, 74	1#95	CLI	151	Approx. 13c-14c	998
Add. 17,224, fol. 75	1#178	CCXLI	241	Approx. 13c	999
Add. 17,224, fol. 76	3#1198	MXXVI	1026	Approx. 11c-12c	1000
Add. 17,224, fol. 77	3#1199	MXXX	1030	Approx. 13c	1001
Add. 17,225	1#72-73	CXVII	117	Approx. 13c	1002
Add. 17,226	1#79	CXXIV	124	Approx. 13c-14c	1003
Add. 17,227	1#94-95	CXLVII	147	1254	1004
(Add. 17,228)					1005
Add. 17,228, foll. 1-37	1#96	CLIII	153	Approx. 13c	1006
Add. 17,228, foll. 38-64	1#83	CXXXI	131	Approx. 13c	1007
(Add. 17,229)					1008
Add. 17,229, foll. 1-47	1#207-208	CCLXIII	263	1218	1009
Add. 17,229, foll. 48-77	1#209	CCLXV	265	Approx. 13c	1010
(Add. 17,230)					1011
Add. 17,230, foll. 1-19	1#234	CCCI	301	Approx. 14c	1012
Add. 17,230, foll. 20-46	1#234-235	CCCII	302	1337	1013
Add. 17,231	1#299-301	CCCLXIV	364	1484	1014
Add. 17,232	1#371-374	CCCCLXIX	469	1210	1015
(Add. 17,233)					1016
Add. 17,233, foll. 1-79	1#316-317	CCCCVI	406	Approx. 13c	1017
Add. 17,233, foll. 80-151	1#325-326	CCCCXVI	416	Approx. 13c	1018
Add. 17,234	1#317-318	CCCCVII	407	Approx. 13c	1019
Add. 17,235	1#276-277	CCCXXXIII	333	Approx. 13c (early)	1020
Add. 17,236	1#318-320	CCCCVIII	408	1284	1021
Add. 17,237	1#306-307	CCCLXXVIII	378	Approx. 13c-14c	1022
Add. 17,238	1#353-354	CCCCXXXIX	439	Approx. 13c	1023
(Add. 17,239)					1024
Add. 17,239, foll. 1-15	1#212-213	CCLXXVIII	278	Approx. 14c	1025
Add. 17,239, foll. 16-60	1#314	CCCXCVI	396	1518	1026
Add. 17,240	1#326-327	CCCCXVII	417	Approx. 13c	1027
Add. 17,241	1#312	CCCXCII	392	Approx. 13c	1028
(Add. 17,242)					1029
Add. 17,242, foll. 1-104	2#504	DCXXXV	635	Approx. 11c-12c	1030
Add. 17,242, foll. 105-127	2#517	DCLXVII	667	Approx. 12c	1031
Add. 17,243	1#290-291	CCCXLV	345	Approx. 13c	1032
Add. 17,244	1#354	CCCCXL	440	Approx. 13c	1033
Add. 17,245	1#301-302	CCCLXVI	366	Approx. 13c	1034
(Add. 17,246)					1035
Add. 17,246, foll. 1-74	1#307-308	CCCLXXX	380	1239	1036
Add. 17,246, foll. 75-84	1#308	CCCLXXXI	381	1239	1037
Add. 17,246, foll. 85-90	1#308	CCCLXXXII	382	Approx. 14c	1038
Add. 17,247	1#350-351	CCCCXXXVI	436	Approx. 12c	1039
Add. 17,248	1#369	CCCCLXIV	464	Approx. 12c	1040
Add. 17,249	1#303-304	CCCLXXIII	373	Approx. 13c-14c	1041
Add. 17,250	1#313-314	CCCXCV	395	Approx. 13c	1042
Add. 17,251	1#354-355	CCCCXLI	441	Approx. 13c	1043
Add. 17,252	1#296-297	CCCLVIII	358	Approx. 13c-14c	1044
(Add. 17,253)					1045
Add. 17,253, foll. 1-69	1#352-353	CCCCXXXVIII	438	1222	1046
Add. 17,253, foll. 70-103	1#381	CCCCLXXXIX	489	Approx. 13c	1047
Add. 17,254	1#355-356	CCCCXLII	442	Approx. 13c	1048
Add. 17,255	1#357-358	CCCCXLVII	447	Approx. 13c	1049
(Add. 17,256)					1050
Add. 17,256, foll. 1-82	1#141-142	CCVIII	208	1251	1051
Add. 17,256, foll. 83-132	1#142-143	CCIX	209	1251	1052
(Add. 17,257)					1053
Add. 17,257, foll. 1-21	1#141	CCVII	207	1248	1054
Add. 17,257, foll. 22-73	1#143-144	CCXIV	214	Approx. 13c-14c	1055
Add. 17,257, fol. 74	1#141	CCVI	206	Approx. 12c-13c	1056
Add. 17,257, fol. 75	1#143	CCXIII	213	Approx. 13c	1057
Add. 17,257, foll. 76-78	1#144	CCXV	215	Approx. 13c-14c	1058
Add. 17,257, fol. 79	1#136-137	CXCIV	194	Approx. 13c-14c	1059
Add. 17,257, fol. 80	1#143	CCXII	212	Approx. 13c	1060
Add. 17,257, fol. 81	1#144	CCXVI	216	Approx. 14c	1061
Add. 17,257, foll. 82, 83	1#129	CLXXXV	185	Approx. 12c	1062
Add. 17,257, foll. 84-94	1#37	LVI	56	Approx. 13c	1063
Add. 17,257, foll. 95-102	1#138-139	CCI	201	Approx. 15c	1064
Add. 17,257, foll. 103-107	1#137	CXCV	195	Approx. 13c-14c	1065
Add. 17,257, foll. 108-111	1#137	CXCVI	196	Approx. 13c-14c	1066
Add. 17,257, fol. 112	1#138	CXCIX	199	Approx. 14c	1067
Add. 17,257, fol. 113	1#138	CC	200	Approx. 14c-15c	1068
(Add. 17,258)					1069
Add. 17,258, foll. 1-118	1#381	CCCCXCI	491	Approx. 13c-14c	1070
Add. 17,258, foll. 119-190	1#328	CCCCXIX	419	Approx. 13c	1071
Add. 17,259	1#356-357	CCCCXLIII	443	Approx. 13c	1072
Add. 17,260	1#397-398	DXXI	521	Approx. 12c-13c	1073
(Add. 17,261)					1074
Add. 17,261, foll. 1-8	1#357	CCCCXLV	445	Approx. 13c	1075
Add. 17,261, foll. 9-66	1#358-359	CCCCXLIX	449	Approx. 13c-14c	1076
Add. 17,261, foll. 67-149	1#314	CCCXCVII	397	Approx. 16c	1077
Add. 17,262	2#867-873	DCCCXXXVII	837	Approx. 12c	1078
Add. 17,263	3#1079-1080	DCCCCXXXI	931	Approx. 13c	1079
Add. 17,264	3#1078-1079	DCCCCXXX	930	Approx. 13c	1080
Add. 17,265	3#1140-1141	DCCCCLXII	962	Approx. 13c	1081
(Add. 17,266)					1082
Add. 17,266, foll. 1-50	2#865	DCCCXXXIII	833	Approx. 12c (early)	1083
Add. 17,266, foll. 51-78	1#128-129	CLXXXIII	183	Approx. 12c	1084
(Add. 17,267)					1085
Add. 17,267, foll. 1-8	2#481	DCII	602	Approx. 13c	1086
Add. 17,267, foll. 9-12	2#884	DCCCXLIV	844	Approx. 13c	1087
Add. 17,267, foll. 13-22	2#884-885	DCCCXLV	845	Approx. 13c	1088
Add. 17,267, foll. 23-33	2#885	DCCCXLVI	846	Approx. 13c	1089
Add. 17,267, foll. 34-49	2#885-886	DCCCXLVII	847	Approx. 13c	1090
Add. 17,267, foll. 50-75	3#1146	DCCCCLXIV	964	Approx. 13c	1091
Add. 17,268	1#129	CLXXXIV	184	Approx. 12c	1092
(Add. 17,269)					1093
Add. 17,269, foll. 1-38	1#382	CCCCXCIII	493	1499	1094
Add. 17,269, foll. 39-80	1#357	CCCCXLIV	444	Approx. 13c	1095
Add. 17,269, foll. 81-88	1#213	CCLXXXI	281	Approx. 15c	1096
Add. 17,269, foll. 89-92	1#378	CCCCLXXXI	481	Approx. 14c	1097
Add. 17,270	2#482	DCV	605	Approx. 9c	1098
Add. 17,271	1#297-298	CCCLX	360	Approx. 12c-13c	1099
(Add. 17,272)					1100
Add. 17,272, foll. 1-29	1#311	CCCLXXXVIII	388	Approx. 13c	1101
Add. 17,272, foll. 30-63	2#517	DCLXXI	671	1565	1102
Add. 17,272, foll. 64-67	3#1148	DCCCCLXVIII	968	Approx. 12c	1103
Add. 17,272, foll. 68-74	2#1022-1023	DCCCLXXIX	879	Approx. 13c	1104
Add. 17,272, foll. 75-99	1#298	CCCLXI	361	Approx. 13c	1105
Add. 17,272, foll. 100-105	1#296	CCCLVI	356	Approx. 13c	1106
Add. 17,272, foll. 106-112	1#324	CCCCXI	411	Approx. 13c	1107
Add. 17,273	1#347-349	CCCCXXXI	431	Approx. 9c	1108
Add. 17,274	2#620	DCCXX	720	Approx. 11c-12c	1109
Add. 17,922	1#60	LXXXIV	84	1222-3	1110
Add. 17,923	1#182-188	CCXLVI	246	11c	1111
Add. 17,983	1#61-62	LXXXVI	86	1438	1112
Add. 18,295	3#1183-1184	MII	1002	1603	1113
Add. 18,296	2#628-630	DCCXXV	725	1714	1114
Add. 18,714	1#161-167	CCXXVI	226	1214	1115
Add. 18,715	1#18-20	XXXII	32	Approx. 12c	1116
Add. 18,716	2#901-903	DCCCLI	851	Approx. 15c-16c	1117
Add. 18,812	1#83	CXXIX	129	Approx. 6c-7c	1118
Add. 18,813	2#729-731	DCCLXIII	763	Approx. 7c	1119
(Add. 18,814)					1120
Add. 18,814, foll. 1-102	2#734-736	DCCLXVII	767	Approx. 7c-8c	1121
Add. 18,814, foll. 103-262	2#793-796	DCCXCVII	797	Approx. 9c	1122
Add. 18,815	2#436-437	DLIX	559	Approx. 9c	1123
Add. 18,816	1#339-340	CCCCXXII	422	Approx. 9c	1124
Add. 18,817					1125
Add. 18,818	2#489	DCXVII	617	Approx. 7c	1126
(Add. 18,819)					1127
Add. 18,819, foll. 1-91	1#340-341	CCCCXXIV	424	Approx. 9c-10c	1128
Add. 18,819, foll. 92-109	1#34	CCCCXXIII	423	884	1129
Add. 18,819, foll. 110-120	1#345	CCCCXXVIII	428	Approx. 10c-11c	1130
(Add. 18,820)					1131
Add. 18,820, foll. 1-16	1#276	CCCXXXII	332	Approx. 12c	1132
Add. 18,820, foll. 17-55	1#269-270	CCCXXIII	323	Approx. 11c-12c	1133
Add. 18,821	2#775-776	DCCLXXXVI	786	Approx. 9c	1134
Add. 21,031	1#327-328	CCCCXVIII	418	1213	1135
Add. 21,210	2#876-882	DCCCXLI	841	1242	1136
Add. 21,211	3#1180-1182	MI	1001	1831	1137
Add. 21,454	3#1165-1167	DCCCCXCV	995	Approx. 13c	1138
Add. 21,580	2#624-626	DCCXXIII	723	1478	1139
Add. 22,370	2#500-501	DCXXIX	629	Approx. 14c-15c	1140
Add. 23,596	2#626-628	DCCXXIV	724	1720	1141
Add. 23,597	3#1173-1174	DCCCCXCVIII	998	Approx. 18c	1142
Add. 25,874	1#213-214	CCLXXXII	282	1740	1143
Add. 25,875	3#1064-1069	DCCCCXXII	922	1709-10	1144
Add. 25,876	3#1174-1179	DCCCCXCIX	999	Approx. 16c	1145
Add. 25,877	3#1179	M	1000	1733	1146
(Add. 25,878)					1147
Add. 25,878, foll. 1-70	3#1192-1193	MVIII	1008	Approx. 17c	1148
Add. 25,878, foll. 71-87	1#139	CCII	202	Approx. 15c	1149
Add. 26,552	1#137-138	CXCVIII	198	Approx. 14c	1150
Egerton 681	1#190-194	CCXLVIII	248	1206-07	1151
Egerton 703	1#237-239	CCCV	305	1683	1152
Egerton 704	1#1-3	I	1	Approx. 17c	1153
Egerton 709	3#1190-1191	MVII	1007	Approx. 16c	1154
Harl. 5512	1#214-216	CCLXXXIII	283	1549	1155
Orient. 1017	2#890-901	DCCCL	850	1364	1156
Sloane 3597	1#236-237	CCCIV	304	1701-2	1157
Add. 14,451, foll. 1-22	1#49-50	LXXIV	74	Approx. 8c	1158
(Add. 14,451, hypothetical reconstruction)				Approx. 8c	1159
Add. 14,452, foll. 23-152	1#49-50	LXXIV	74	Approx. 6c-7c	1160
Add. 12,137 foll. 2-177					1161
Add. 12,137 foll. 178-179, 186					1162
Add. 12,137 foll. 187-207					1163
Add. 12,137 foll. 212, 213					1164
Add. 12,137 foll. 19, 180-185, 208-211					1165
Add. 12141 foll. 1-87					1166
Add. 12141 foll. 88, 94					1167
Add. 12141 foll. 95-144, 146-148					1168
Add. 12141 foll. 89-93, 145					1169
Add. 12141 foll. 149					1170
Add. 14,459, fol. 12	1#64	XC	90	Approx. 6c	1171
Add. 14,459, fol. 74	1#68	CI	101	Approx. 6c	1172
Add. 14,432, foll. 1-122	1#21	XXXIV	34	Approx. 6c	1173
Add. 14,432, fol. 121	1#21	XXXIV	34		1174
Add. 14,437, foll. 123-124	1#34	LIII	53		1175
Add. 17,105, foll. 1-129					1176
Add. 17,105, foll. 130					1177
Add. 14,666 fol. 52	1#93	CXLIV	144		1178
Add. 14,480, foll, 1-128					1179
Add. 14,480, foll. 62, 121					1180
Add. 14,484, foll. 9-11	1#99-100	CLIX	159	Approx. 9c	1181
Add. 12,172, foll. 136-164	1#6-7	VII	7	Approx. 9c-10c	1182
Add. 14,438, foll. 50-52	1#14	XXI	21	Approx. 6c	1183
Add. 17,182, foll. 175	2#405	DXXX	530	Approx. 6c	1184
Add. 14,665, foll. 21-24 (palim.)	1#389	DVII	507		1185
Add. 17,137 foll. 6-11 (palim.)	1#369-370	CCCCLXV			1186
Add. 14,664, foll 3-7, 9-17	1#203	CCLIV	254	Approx. 13c	1187
Add. 14,664, foll. 18, 19, 30-32	1#389	DVI	506	Approx. 12c-13c	1188
Add. 14,543, fol. 1	2#420	DL	550	Approx. 6c	1189
Add. 14,543, fol. 1-147	2#419-420	DL	550	Approx. 6c	1190
Add. 14,445, foll. 1-3a	1#26	XLI	41	Approx. 8c-9c	1191
Add. 14,445, foll. 3b-48	1#26-7	XLI	41	532	1192
Add. 14,457, foll. 1-198	1#47	LXX	70	Approx. 6c-7c	1193
Add. 14,457, foll. 199-200	1#47	LXX	70	Approx. 12c-13c	1194
Add. 14,683, foll. 1-102	2#610-611	DCCXIV	714	Approx. 10c	1195
Add. 14,683, foll. 103-141	2#611-612	DCCXIV	714	Approx. 10c	1196
Add. 17,165, foll. 1-8	2#654-655	DCCXXXIII	733	Approx. 11c-12c	1215
Add. 17,165, foll. 9-114	2#654-655	DCCXXXIII	733	Approx. 6c	1216
Add. 12,163, foll. 127-224	2#834-836	DCCCXIX	819	Approx. 10c-11c	1224
Add. 12,163, foll. 224-304	2#834-836	DCCCXIX	819	Approx. 10c-11c	1225
Add. 12,160, foll. 153-185	3#1090-1091	DCCCCXLII	942	Approx. 7c	1226
Add. 14,555, foll. 1-43a	2#483-484	DCIX	609	Approx. 6c-7c	1227
Add. 14,555, foll. 43b-44	2#484	DCIX	609	Approx. 9c	1228
Add. 14,500, palimpsest lower	1#230	CCXCIV	294	Approx. 7c	1395
Add. 14,500, palimpsest upper	1#230	CCXCIV	294	Approx. 11c	1396
Add. 14,606, foll. 1-6	2#744-745	DCCLXXII	772		1397
Add. 14,606, foll. 7-58, 60-136, 141-146	2#744-745	DCCLXXII	772		1398
Add. 14,606, fol. 59	2#744-745	DCCLXXII	772		1399
Add. 14,606, foll. 137-140	2#744-745	DCCLXXII	772		1400
Add 14,646, foll. 183-194 (palim.)	3#1087	DCCCCXXXIX	939		1401
Add. 14,512	1#250-251	CCCXII	312	Approx. 10c	1402
Add. 14,512, palimp. 1	1#250-251				1403
Add. 14,512, palimp. 2	1#250-251				1404
Add. 14,512, palimp. 3	1#250-251				1405
Add. 14,523, fol. 38 (Palimp)		CCCLI	351		1406
Add. 14,523 foll. 39-46 (Palimp)		DIV	504		1407
Add. 17,215, foll. 7, 8 (Palimp)	3#1165	DCCCCXCIV	994	6c	1408
Add. 17,215, foll. 22-25 (Palimp)	1#388	DIII	503	Approx. 9c	1409
Add. 17,215, foll. 35 (fly-leaf)	2#840	DCCCXXIII	823		1410
Add. 14,490	1#159-161	CCXXV	225	1089	1411
Add 14,490 (Palimpsest)	1#159-161	CCXXV	225		1412
Add. 18,817	2#803-806	DCCCI	801	Approx. 9c	1413
Add. 18,817 (palimpsest)	2#803-806	DCCCI	801		1414
Add. 14,506, foll. 85-96 (palimpsest)	1#368	CCCCLXIII	463		1415
Add. 14,506, foll. 97-110 (palimpsest)	1#367	CCCCLX	460		1416
Add. 14,541, foll. 11-18	2#501-502	DCXXX	630	Approx. 9c	1417
Add. 14,541, foll. 19-24	2#501-502	DCXXX	630	Approx. 9c	1418
Add. 14,541, foll. 25-26	2#501-502	DCXXX	630	Approx. 9c	1419
Add. 14,541, foll. 27-28	2#501-502	DCXXX	630	Approx. 9c	1420
Add. 14,541, foll. 29-38	2#501-502	DCXXX	630	Approx. 9c	1421
			183		
