Old-ID,NEW,match?,Old Name,status,comments,OldID lookup,
Old176,New1,Old176,Ahvāz,,,Old60,
Old72,New1,Old72,Ahwaz,,,Old95,
Old186,New10,Old186,Bədyal,,,Old21,
Old410,New100,Old410,Semele,,,Old21,
Old101,New101,Old101,Resafa,,,Old65,
Old448,New101,Old448,Sergiopolis/Resafa,,,Old65,
Old327,New102,Old327,Qarashahr,,,Old241,
Old310,New103,Old310,Qarshi,,,Old241,
Old94,New104,Old94,Qashan,,,Old305,
Old341,New105,Old341,Qayaliq,,,Old84,
Old93,New106,Old93,Qum,,,Old121,
Old408,New107,Old408,Qamishli,,,Old121,
Old317,New108,Old317,Osh,,,Old276,
Old241,New109,Old241,Nishapur,,,Old176,
Old305,New109,Old305,Nishapur,,,Old176,
Old187,New11,Old187,Bijar,,,Old72,
Old154,New110,Old154,Nineveh,,,Old9,
Old261,New110,Old261,Niniveh,,,Old9,
Old444,New110,Old444,Nineveh,,,Old43,
Old240,New111,Old240,Navekath,,,Old415,
Old330,New111,Old330,Navekath,,,Old415,
Old252,New112,Old252,"Zhenjiang 鎮江,",,,Old273,
Old251,New113,Old251,Yangzhou 揚州,,,Old53,
Old255,New114,Old255,Xiapu 霞浦 (in northern Fujian),,,Old23,
Old250,New115,Old250,Xi’an 西安 (Chang’an 長安),,,Old23,
Old371,New115,Old371,Chang’an/Xi’an,,,Old44,
Old249,New116,Old249,Ulaan Tolgoi,,,Old60,
Old379,New116,Old379,Ulaan Tolgoi,,,Old95,
Old248,New117,Old248,Turfan,,,Old3,
Old370,New117,Old370,Turfan,,,Old3,
Old492,New118,Old492,Trebizond,,,Old391,
Old309,New119,Old309,Yarkand,,,Old429,
Old188,New12,Old188,Bokan,,,Old226,
Old318,New120,Old318,Uzgand,,,Old226,
Old375,New121,Old375,Urgut,,,Old230,
Old292,New122,Old292,Tella,,,Old230,
Old450,New122,Old450,Tella/Constantina,,,Old376,
Old454,New122,Old454,Constantina/Tella,,,Old177,
Old247,New123,Old247,Tashkent,,,Old177,
Old322,New123,Old322,Tashkent,,,Old394,
Old339,New124,Old339,Talgar,,,Old471,
Old337,New125,Old337,Talas/Taraz,,,Old139,
Old490,New126,Old490,Sis,,,Old139,
,New127,#N/A,#N/A,,,Old400,
,New128,#N/A,#N/A,,,Old430,
Old381,New129,Old381,Tel-Bashir,,,Old452,
Old189,New13,Old189,Challa,,,Old472,
Old236,New130,Old236,Kashgar,,,Old361,
Old312,New130,Old312,Kashgar,,,Old361,
Old505,New131,Old505,Kandanad,,,Old51,
Old324,New132,Old324,Korla,,,Old501,
Old102,New133,Old102,Homs,,,Old501,
Old402,New133,Old402,Homs,,,Old502,
Old441,New133,Old441,Emesa,,,Old140,
Old235,New134,Old235,Herat,,,Old140,
Old372,New134,Old372,Herat,,,Old2,
Old500,New134,Old500,Herat,,,Old257,
Old234,New135,Old234,Dunhuang 敦煌,,,Old431,
Old315,New135,Old315,Dunhuang,,,Old453,
Old139,New136,Old139,Amida,,,Old432,
Old400,New136,Old400,Diyarbakir,,,Old432,
Old430,New136,Old430,Amida,,,Old334,
Old452,New136,Old452,Amida,,,Old334,
Old472,New136,Old472,Amid,,,Old321,
Old230,New137,Old230,Almaliq,,,Old321,
Old376,New137,Old376,Almaliq,,,Old180,
Old501,New138,Old501,Ankamaly,,,Old180,
Old502,New138,Old502,Ankamaly,,,Old11,
Old226,New139,Old226,Alexandria,,,Old11,
Old191,New14,Old191,Diyana,,,Old141,
Old160,New140,Old160,Zeugma,,,Old181,
Old432,New141,Old432,Apamea,,,Old259,
Old306,New142,Old306,Balkh,,,Old473,
Old397,New143,Old397,Beirut,,,Old83,
Old433,New143,Old433,Berytus,,,Old412,
Old348,New144,Old348,Besh-baliq,,,Old412,
Old266,New145,Old266,Bostra,,,Old85,
Old434,New145,Old434,Bostra,,,Old122,
Old232,New146,Old232,Bukhara,,,Old122,
Old313,New146,Old313,Bukhara,,,Old142,
Old332,New147,Old332,Burana,,,Old142,
Old435,New148,Old435,Caesarea Maritima,,,Old24,
Old233,New149,Old233,Chifeng 赤峰,,,Old274,
Old328,New149,Old328,Chifeng,,,Old274,
Old192,New15,Old192,Dobe,,,Old275,
Old503,New150,Old503,Cochin,,,Old275,
Old269,New151,Old269,Dura Europos,,,Old357,
Old51,New152,Old51,Anbar,,,Old357,
Old275,New153,Old275,Babylon,,,Old301,
Old395,New154,Old395,Baquba,,,Old301,
Old274,New155,Old274,Assur,,,Old25,
Old253,New156,Old253,Fengzhou 豐州 (Hohhot),,,Old25,
Old319,New156,Old319,Hohhot,,,Old476,
Old254,New157,Old254,Guangzhou 廣州,,,Old227,
Old513,New158,Old513,Goa,,,Old227,
Old401,New159,Old401,Hakkari,,,Old369,
Old469,New159,Old469,Hakkari,,,Old396,
Old194,New16,Old194,Gawar (Yüksekova),,,Old474,
Old415,New160,Old415,Hassake,,,Old74,
Old272,New161,Old272,Hatra,,,Old78,
Old279,New161,Old279,Ḥaṭrā,,,Old41,
Old271,New162,#N/A,Hamath,added to xml,,Old41,
Old325,New163,Old325,Luntai (Bügür),,,Old332,
Old509,New164,Old509,Mylapore,,,Old332,
Old64,New164,Old64,Nahargur,,,Old240,
Old512,New165,Old512,Trichur,,,Old332,
Old321,New166,Old321,Aqsu,,,Old240,
Old334,New167,Old334,Aq-Beshim,,,Old330,
Old276,New168,Old276,Adummatu,,,Old306,
Old143,New169,Old143,Bazyan,,,Old306,
Old195,New17,Old195,Gawilan,,,Old340,
Old475,New170,Old475,Beth Sbirino,,,Old340,
Old438,New171,Old438,Cyrrhus,,,Old182,
Old413,New172,Old413,Estil,,,Old182,
Old303,New173,Old303,Gilgit,,,Old161,
,New174,#N/A,#N/A,,,Old161,
,New175,#N/A,#N/A,,,Old183,
Old65,New176,Old65,Gurgan,,,Old183,
Old53,New177,Old53,Hirta,,,Old449,
Old70,New178,Old70,Karka d'Ledan,,,Old449,
Old73,New179,Old73,Karka d'Maishan,,,Old184,
Old196,New18,Old196,Ḥalabja,,,Old184,
Old349,New180,Old349,Koshang (Olon Süme-in Tor),,,Old447,
Old507,New181,Old507,Kottayam,,,Old447,
Old104,New182,Old104,Maʿarat Saidnaya,,,Old162,
Old405,New182,Old405,Maʿarat Saidnaya,,,Old162,
Old340,New183,Old340,Bars-köl,,,Old143,
Old62,New184,Old62,Beth Daraye,,,Old143,
Old479,New185,Old479,Ḥaḥ,,,Old395,
Old333,New186,Old333,Karajigach,,,Old395,
Old151,New187,Old151,Khārg island,,,Old231,
Old110,New188,Old110,Mār Mattai,,,Old231,
Old483,New189,Old483,Manṣuriyya,,,Old314,
Old197,New19,Old197,Hertevin,,,Old397,
Old459,New190,Old459,Mar Awgen,,,Old397,
Old96,New191,Old96,Mar Musa al-Habashi,,,Old433,
Old109,New192,Old109,Mar Saba,,,Old348,
,New193,#N/A,#N/A,,,Old348,
Old336,New194,Old336,Mirki,,,Old185,
Old323,New195,Old323,Mizdaxkan,,,Old185,
Old107,New196,Old107,Bēth-‘Abē,,,Old123,
Old458,New197,Old458,Dayr al-Zaʿfaran,,,Old123,
Old97,New198,Old97,"Dayr Mar Elian, Qaryatayn",,,Old81,
Old98,New199,Old98,Dayr Yakub,,,Old33,
Old177,New2,Old177,Alqosh,,,Old62,
Old394,New2,Old394,Alqosh,,,Old62,
Old471,New2,Old471,Alqosh,,,Old37,
Old198,New20,Old198,Jubbʿadīn,,,Old37,
Old50,New200,Old50,ʿUkbara,,,Old125,
Old285,New201,Old285,Enaton,,,Old14,
,New202,#N/A,#N/A,,,Old149,
,New203,#N/A,#N/A,,,Old82,
,New204,#N/A,#N/A,,,Old144,
,New205,#N/A,#N/A,,,Old20,
,New206,#N/A,#N/A,,,Old228,
,New207,#N/A,#N/A,,,Old77,
,New208,#N/A,#N/A,,,Old16,
,New209,#N/A,#N/A,,,Old16,
Old199,New21,Old199,Karemlesh,,,Old80,
Old482,New21,Old482,Karamlish,,,Old368,
,New210,#N/A,#N/A,,,Old131,
,New211,#N/A,#N/A,,,Old131,
,New212,#N/A,#N/A,,,Old76,
,New213,#N/A,#N/A,,,Old19,
,New214,#N/A,#N/A,,,Old19,
,New215,#N/A,#N/A,,,Old75,
,New216,#N/A,#N/A,,,Old475,
,New217,#N/A,#N/A,,,Old475,
,New218,#N/A,#N/A,,,Old107,
,New219,#N/A,#N/A,,,Old107,
Old200,New22,Old200,Kerend,,,Old186,
,New220,#N/A,#N/A,,,Old187,
,New221,#N/A,#N/A,,,Old187,
,New222,#N/A,#N/A,,,Old364,
,New223,#N/A,#N/A,,,Old364,
,New224,#N/A,#N/A,,,Old163,
,New225,#N/A,#N/A,,,Old163,
,New226,#N/A,#N/A,,,Old188,
,New227,#N/A,#N/A,,,Old188,
,New228,#N/A,#N/A,,,Old266,
,New229,#N/A,#N/A,,,Old266,
Old201,New23,Old201,Khanaqin,,,Old434,
,New230,#N/A,#N/A,,,Old325,
,New231,#N/A,#N/A,,,Old232,
,New232,#N/A,#N/A,,,Old232,
,New233,#N/A,#N/A,,,Old313,
,New234,#N/A,#N/A,,,Old435,
,New235,#N/A,#N/A,,,Old435,
,New236,#N/A,#N/A,,,Old265,
,New237,#N/A,#N/A,,,Old265,
,New238,#N/A,#N/A,,,Old278,
,New239,#N/A,#N/A,,,Old436,
Old202,New24,Old202,Khorramshahr,,,Old89,
,New240,#N/A,#N/A,,,Old365,
,New241,#N/A,#N/A,,,Old365,
,New242,#N/A,#N/A,,,Old189,
,New243,#N/A,#N/A,,,Old189,
,New244,#N/A,#N/A,,,Old250,
,New245,#N/A,#N/A,,,Old250,
,New246,#N/A,#N/A,,,Old371,
,New247,#N/A,#N/A,,,Old509,
,New248,#N/A,#N/A,,,Old509,
,New249,#N/A,#N/A,,,Old64,
Old203,New25,Old203,Koy Sanjak,,,Old233,
,New250,#N/A,#N/A,,,Old233,
Old44,New251,Old44,Shenna d'Beth Ramman,,,Old328,
Old52,New252,Old52,Nifr,,,Old465,
,New253,#N/A,#N/A,,,Old465,
,New254,#N/A,#N/A,,,Old362,
,New255,#N/A,#N/A,,,Old190,
Old30,New256,Old30,Rishʿania,,,Old190,
Old446,New256,Old446,Resh‘ayna,,,Old31,
Old263,New257,Old263,Petra,,,Old428,
,New258,#N/A,#N/A,,,Old478,
,New259,#N/A,#N/A,,,Old503,
Old152,New26,Old152,Marga,,,Old292,
Old204,New26,Old204,Mardin,,,Old292,
Old40,New26,Old40,Marga,,,Old450,
Old404,New26,Old404,Mardin,,,Old454,
Old484,New26,Old484,Mardin,,,Old511,
Old60,New260,Old60,Rima,,,Old145,
Old95,New260,Old95,Ubullah,,,Old145,
,New261,#N/A,#N/A,,,Old18,
,New262,#N/A,#N/A,,,Old267,
,New263,#N/A,#N/A,,,Old373,
,New264,#N/A,#N/A,,,Old437,
Old242,New265,Old242,Olon Süme,,,Old164,
Old156,New266,Old156,Qalat Sem‘an,,,Old392,
Old335,New267,Old335,Qamul (Hami),,,Old392,
Old100,New268,Old100,Qara,,,Old467,
Old111,New269,Old111,Qarṭamīn,,,Old126,
Old205,New27,Old205,Mawana,,,Old126,
Old112,New270,Old112,Qennešrin,,,Old438,
Old113,New271,Old113,Rabban Bar ‘Edta,,,Old438,
Old382,New272,Old382,Rabban Hormizd,,,Old344,
Old461,New272,Old461,Rabban Hormizd,,,Old344,
Old291,New273,Old291,Salah,,,Old1,
Old282,New274,Old282,Serrīn,,,Old1,
Old103,New275,Old103,Sadad,,,Old146,
Old214,New275,Old214,Sablagh (Mahabad),,,Old268,
Old449,New276,Old449,Serug/Batnae,,,Old399,
Old43,New277,Old43,Beth Waziq,,,Old439,
Old48,New278,Old48,Shahrgard,,,Old477,
Old383,New279,Old383,Sharfeh,,,Old88,
Old206,New28,Old206,Maʿlula,,,Old15,
Old378,New280,Old378,Sum Huh Burd,,,Old458,
Old105,New281,Old105,Sumatar Harabesi,,,Old58,
Old283,New281,Old283,Sumatar Harabesi,,,Old58,
,New282,#N/A,#N/A,,,Old191,
Old115,New283,Old115,Tell ‘Ada,,,Old191,
Old493,New284,Old493,Zaz,,,Old192,
,New285,#N/A,#N/A,,,Old192,
Old63,New286,Old63,Radhan,,,Old193,
,New287,#N/A,#N/A,,,Old193,
,New288,#N/A,#N/A,,,Old39,
,New289,#N/A,#N/A,,,Old234,
Old207,New29,Old207,Midyat,,,Old234,
Old406,New29,Old406,Midyat,,,Old315,
Old486,New29,Old486,Midyat,,,Old269,
,New290,#N/A,#N/A,,,Old106,
,New291,#N/A,#N/A,,,Old106,
,New292,#N/A,#N/A,,,Old147,
,New293,#N/A,#N/A,,,Old270,
,New294,#N/A,#N/A,,,Old277,
,New295,#N/A,#N/A,,,Old297,
,New296,#N/A,#N/A,,,Old440,
,New297,#N/A,#N/A,,,Old455,
,New298,#N/A,#N/A,,,Old127,
,New299,#N/A,#N/A,,,Old127,
Old178,New3,Old178,Amedia,,,Old468,
Old208,New30,Old208,Mlaḥsō,,,Old102,
,New300,#N/A,#N/A,,,Old402,
,New301,#N/A,#N/A,,,Old441,
,New302,#N/A,#N/A,,,Old285,
,New303,#N/A,#N/A,,,Old285,
,New304,#N/A,#N/A,,,Old35,
,New305,#N/A,#N/A,,,Old413,
,New306,#N/A,#N/A,,,Old413,
,New307,#N/A,#N/A,,,Old135,
,New308,#N/A,#N/A,,,Old253,
,New309,#N/A,#N/A,,,Old253,
Old209,New31,Old209,Nerwa,,,Old319,
,New310,#N/A,#N/A,,,Old347,
,New311,#N/A,#N/A,,,Old347,
,New312,#N/A,#N/A,,,Old55,
,New313,#N/A,#N/A,,,Old55,
,New314,#N/A,#N/A,,,Old194,
,New315,#N/A,#N/A,,,Old195,
,New316,#N/A,#N/A,,,Old195,
,New317,#N/A,#N/A,,,Old17,
,New318,#N/A,#N/A,,,Old17,
,New319,#N/A,#N/A,,,Old345,
Old210,New32,Old210,Qaraqosh,,,Old79,
,New320,#N/A,#N/A,,,Old303,
,New321,#N/A,#N/A,,,Old303,
,New322,#N/A,#N/A,,,Old513,
,New323,#N/A,#N/A,,,Old513,
,New324,#N/A,#N/A,,,Old254,
,New325,#N/A,#N/A,,,Old254,
,New326,#N/A,#N/A,,,Old329,
,New327,#N/A,#N/A,,,Old329,
,New328,#N/A,#N/A,,,Old479,
,New329,#N/A,#N/A,,,Old479,
Old211,New33,Old211,Qasr-e Širin,,,Old401,
,New330,#N/A,#N/A,,,Old401,
,New331,#N/A,#N/A,,,Old469,
,New332,#N/A,#N/A,,,Old196,
,New333,#N/A,#N/A,,,Old196,
,New334,#N/A,#N/A,,,Old414,
,New335,#N/A,#N/A,,,Old414,
,New336,#N/A,#N/A,,,Old66,
,New337,#N/A,#N/A,,,Old8,
,New338,#N/A,#N/A,,,Old8,
,New339,#N/A,#N/A,,,Old480,
,New34,#N/A,#N/A,,,Old272,
,New340,#N/A,#N/A,,,Old272,
,New341,#N/A,#N/A,,,Old279,
,New342,#N/A,#N/A,,,Old42,
,New343,#N/A,#N/A,,,Old293,
,New344,#N/A,#N/A,,,Old343,
,New345,#N/A,#N/A,,,Old42,
,New346,#N/A,#N/A,,,Old36,
,New347,#N/A,#N/A,,,Old47,
,New348,#N/A,#N/A,,,Old235,
,New349,#N/A,#N/A,,,Old235,
Old213,New35,#N/A,Ruwanduz,wait,already an issue with this one; needs manual attention,Old372,
,New350,#N/A,#N/A,,,Old500,
,New351,#N/A,#N/A,,,Old197,
,New352,#N/A,#N/A,,,Old197,
Old215,New353,Old215,Sainqala,,,Old280,
Old193,New354,Old193,Dohok,,,Old280,
Old39,New354,Old39,Beth Nuhadra,,,Old294,
Old190,New355,Old190,Cizre,,,Old366,
Old31,New355,Old31,Gazarta,,,Old442,
Old428,New355,Old428,Cizre / Gazarta Zabdayta,,,Old5,
Old478,New355,Old478,Gazarta (Cizre),,,Old302,
,New356,#N/A,#N/A,,,Old56,
,New357,#N/A,#N/A,,,Old56,
Old212,New358,Old212,Rustaqa,,,Old419,
,New359,#N/A,#N/A,,,Old419,
Old216,New36,Old216,Sanandaj,,,Old495,
,New360,#N/A,#N/A,,,Old504,
,New361,#N/A,#N/A,,,Old420,
,New362,#N/A,#N/A,,,Old420,
,New363,#N/A,#N/A,,,Old68,
,New364,#N/A,#N/A,,,Old68,
,New365,#N/A,#N/A,,,Old70,
,New366,#N/A,#N/A,,,Old116,
,New367,#N/A,#N/A,,,Old360,
,New368,#N/A,#N/A,,,Old360,
,New369,#N/A,#N/A,,,Old393,
Old217,New37,Old217,Saqqez,,,Old393,
,New370,#N/A,#N/A,,,Old148,
,New371,#N/A,#N/A,,,Old148,
,New372,#N/A,#N/A,,,Old258,
,New373,#N/A,#N/A,,,Old403,
,New374,#N/A,#N/A,,,Old443,
,New375,#N/A,#N/A,,,Old481,
,New376,#N/A,#N/A,,,Old165,
,New377,#N/A,#N/A,,,Old165,
,New378,#N/A,#N/A,,,Old421,
,New379,#N/A,#N/A,,,Old421,
Old219,New38,Old219,Shaqlawa,,,Old198,
,New380,#N/A,#N/A,,,Old198,
,New381,#N/A,#N/A,,,Old120,
,New382,#N/A,#N/A,,,Old120,
Old243,New383,Old243,Qara Qota (Khara Khoto),,,Old401,
Old380,New383,Old380,Qara-khoto,,,Old401,
,New384,#N/A,#N/A,,,Old469,
,New385,#N/A,#N/A,,,Old505,
,New386,#N/A,#N/A,,,Old505,
Old35,New387,Old35,Eshnuq,,,Old333,
Old161,New388,Old161,Barwari Bala,,,Old333,
Old171,New389,Old171,Txuma,,,Old299,
Old172,New389,Old172,Tyare,,,Old299,
Old220,New39,Old220,Solduz (Naqadeh),,,Old199,
Old173,New390,Old173,Upper Ṭiyare,,,Old199,
Old166,New391,Old166,Lower Ṭiyare,,,Old482,
Old162,New392,Old162,Baz,,,Old73,
Old165,New393,Old165,Jilu,,,Old73,
,New394,#N/A,#N/A,,,Old94,
Old164,New395,Old164,Cudi Daği,,,Old94,
Old163,New396,Old163,Bohtan,,,Old236,
Old462,New397,Old462,Lake Van,,,Old236,
Old365,New398,Old365,Caspian Sea,,,Old312,
,New399,#N/A,#N/A,,,Old150,
Old179,New4,Old179,Ankawa,,,Old150,
Old221,New40,Old221,Sulemaniyya,,,Old284,
Old364,New400,Old364,Black Sea,,,Old61,
Old466,New401,#N/A,Crimea,not in final index,,Old128,
Old384,New402,#N/A,Caucasus,not in final index,,Old128,
Old54,New403,Old54,Muqan,,,Old463,
Old84,New404,Old84,Adardbaigan,,,Old463,
Old412,New405,Old412,Armenia,,,Old506,
Old85,New405,Old85,Armenia,,,Old200,
Old17,New406,Old17,Gilan,,,Old200,
Old345,New406,Old345,Gilan,,,Old201,
Old79,New406,Old79,Dailam and Gilan,,,Old201,
Old344,New407,Old344,Dailam,,,Old151,
Old36,New408,Old36,Hebton,,,Old151,
Old27,New409,Old27,Qaimar,,,Old352,
Old222,New41,Old222,Telkepe,,,Old202,
Old169,New410,Old169,Tergawar,,,Old237,
Old47,New411,Old47,Hnitha,,,Old237,
Old119,New412,Old119,Sinjar,,,Old307,
,New413,#N/A,#N/A,,,Old350,
,New414,#N/A,#N/A,,,Old324,
Old116,New415,Old116,mount Izla,,,Old324,
Old117,New416,Old117,Tur ‘Abdin,,,Old349,
Old170,New416,Old170,Tur Abdin,,,Old349,
Old385,New416,Old385,Tur ‘Abdin,,,Old507,
Old470,New416,Old470,TurʿAbdin,,,Old507,
Old273,New417,Old273,Al-Hijr,,,Old203,
Old331,New418,Old331,Toru Aygyr,,,Old203,
Old363,New419,Old363,Murghab River,,,Old304,
Old223,New42,Old223,Tikab,,,Old304,
Old360,New420,Old360,Syr Darya (Jaxartes),,,Old300,
Old361,New421,Old361,Amu Darya (Oxus),,,Old300,
Old135,New422,Old135,Euphrate,,,Old422,
Old138,New423,Old138,Tigris,,,Old422,
Old136,New424,Old136,Great Zab,,,Old238,
Old175,New424,Old175,Great Zab river,,,Old238,
Old137,New425,Old137,Little Zab,,,Old7,
Old362,New426,Old362,Chu River,,,Old7,
,New427,#N/A,#N/A,,,Old78,
,New428,#N/A,#N/A,,,Old508,
,New429,#N/A,#N/A,,,Old508,
Old224,New43,Old224,Urmi,,,Old287,
Old34,New43,Old34,Urmia,,,Old287,
Old411,New43,Old411,Urmia,,,Old485,
,New430,#N/A,#N/A,,,Old6,
,New431,#N/A,#N/A,,,Old483,
,New432,#N/A,#N/A,,,Old483,
,New433,#N/A,#N/A,,,Old459,
,New434,#N/A,#N/A,,,Old459,
,New435,#N/A,#N/A,,,Old97,
,New436,#N/A,#N/A,,,Old97,
,New437,#N/A,#N/A,,,Old212,
,New438,#N/A,#N/A,,,Old110,
Old392,New439,Old392,Cyprus,,,Old110,
Old467,New439,Old467,Cyprus,,,Old96,
Old225,New44,Old225,Zakho,,,Old96,
Old127,New440,Old127,Egypt,,,Old109,
Old468,New440,Old468,Egypt,,,Old109,
Old421,New441,Old421,Jordan,,,Old98,
Old134,New442,Old134,Syria,,,Old152,
Old427,New442,Old427,Syria,,,Old152,
Old120,New443,Old120,Judean desert,,,Old204,
Old393,New444,Old393,Jazeera,,,Old40,
Old122,New445,Old122,Arzanene,,,Old404,
Old130,New446,Old130,Osrhoene,,,Old484,
Old256,New446,Old256,Osrhoene,,,Old205,
Old352,New447,Old352,Khorasan,,,Old205,
Old350,New448,Old350,Khwarezm,,,Old104,
Old347,New449,Old347,Ferghana Valley,,,Old104,
Old1,New45,Old1,#N/A,,,Old405,
Old146,New45,Old146,Damascus,,,Old206,
Old268,New45,Old268,Damascus,,,Old206,
Old399,New45,Old399,Damascus,,,Old207,
Old439,New45,Old439,Damascus,,,Old207,
Old477,New45,Old477,Damascus,,,Old406,
Old88,New45,Old88,Damascus,,,Old486,
Old320,New450,Old320,Tarim Basin,,,Old336,
Old353,New451,Old353,Tibet,,,Old336,
Old300,New452,Old300,Ladakh,,,Old239,
Old358,New453,Old358,Surkhandarya,,,Old239,
Old356,New454,Old356,Sogdiana,,,Old295,
Old359,New455,Old359,Transoxiana (Mawara’n-nahr),,,Old374,
Old357,New456,Old357,Bactria (Tokharistan),,,Old323,
Old326,New457,Old326,Tien Shan,,,Old323,
,New458,#N/A,#N/A,,,Old208,
Old311,New459,Old311,Ordos,,,Old208,
Old140,New46,Old140,Antioch,,,Old288,
Old2,New46,Old2,Antioch,,,Old288,
Old257,New46,Old257,Antioch,,,Old4,
Old431,New46,Old431,Antioch,,,Old460,
Old453,New46,Old453,Antioch,,,Old12,
Old304,New460,Old304,Kunlun,,,Old12,
,New461,#N/A,#N/A,,,Old153,
Old302,New462,Old302,Hindu Kush,,,Old367,
Old308,New463,Old308,Pamir,,,Old407,
,New464,#N/A,#N/A,,,Old487,
,New465,#N/A,#N/A,,,Old86,
,New466,#N/A,#N/A,,,Old54,
,New467,#N/A,#N/A,,,Old54,
,New468,#N/A,#N/A,,,Old363,
,New469,#N/A,#N/A,,,Old310,
Old3,New47,Old3,Aleppo,,,Old310,
Old391,New47,Old391,Aleppo,,,Old240,
Old429,New47,Old429,Aleppo,,,Old332,
,New470,#N/A,#N/A,,,Old332,
,New471,#N/A,#N/A,,,Old240,
,New472,#N/A,#N/A,,,Old330,
,New473,#N/A,#N/A,,,Old332,
,New474,#N/A,#N/A,,,Old209,
,New475,#N/A,#N/A,,,Old209,
,New476,#N/A,#N/A,,,Old52,
Old132,New477,Old132,Scete,,,Old52,
Old389,New478,Old389,Palestine,,,Old67,
Old422,New479,Old422,Lebanon,,,Old67,
Old288,New48,Old288,Mopsuestia,,,Old154,
Old4,New48,Old4,Mopsuestia,,,Old154,
Old460,New48,Old460,Mor Matay,,,Old261,
Old126,New480,Old126,Cyrrestica,,,Old444,
Old420,New481,Old420,Iraq,,,Old10,
Old131,New482,Old131,Fars,,,Old10,
Old76,New482,Old76,Fars,,,Old155,
Old417,New483,#N/A,Georgia,not in final index,,Old260,
,New484,#N/A,#N/A,,,Old286,
,New485,#N/A,#N/A,,,Old289,
,New486,#N/A,#N/A,,,Old445,
,New487,#N/A,#N/A,,,Old456,
,New488,#N/A,#N/A,,,Old87,
Old354,New489,Old354,Turkistan,,,Old242,
Old280,New49,Old280,Hierapolis,,,Old242,
Old294,New49,Old294,Mabbug,,,Old311,
Old366,New49,Old366,Mabbug,,,Old311,
Old442,New49,Old442,Hierapolis (Mabbug),,,Old317,
Old5,New49,Old5,Mabbugh,,,Old317,
Old351,New490,Old351,Semirechye (Yeti Su),,,Old130,
Old301,New491,Old301,Badghis,,,Old130,
,New492,#N/A,#N/A,,,Old256,
Old419,New493,Old419,India,,,Old389,
Old495,New493,Old495,India,,,Old389,
Old504,New493,Old504,India,,,Old262,
Old463,New494,Old463,Kerala,,,Old262,
Old506,New494,Old506,Kerala,,,Old281,
Old508,New495,Old508,Malabar,,,Old99,
Old511,New496,Old511,Coromandel,,,Old308,
Old510,New497,Old510,Travancore,,,Old308,
Old316,New498,Old316,Tenduc,,,Old346,
Old355,New499,Old355,Tangut,,,Old346,
Old180,New5,Old180,Araḏin,,,Old263,
Old287,New50,Old287,Melitene,,,Old263,
Old485,New50,Old485,Melitene,,,Old27,
Old6,New50,Old6,Melitene,,,Old27,
Old465,New500,Old465,China,,,Old156,
,New501,#N/A,#N/A,,,Old408,
Old121,New502,Old121,Adiabene,,,Old408,
Old56,New503,Old56,Hrbath Glal,,,Old335,
Old125,New504,Old125,BĒth-Garmai,,,Old335,
Old14,New504,Old14,Karka d'Beth Solkh,,,Old100,
Old149,New504,Old149,Karkā d-Bēth Slokh,,,Old100,
Old82,New504,Old82,Beth Garmai,,,Old243,
Old33,New505,Old33,Beth Bgash,,,Old243,
,New506,#N/A,#N/A,,,Old380,
Old144,New507,Old144,Bēth-Lapaṭ,,,Old244,
Old20,New507,Old20,Jundishapur,,,Old244,
Old228,New507,Old228,Beth Lapat / Gondeshapur,,,Old210,
Old77,New507,Old77,Elam,,,Old210,
Old159,New508,Old159,Šuštar,,,Old327,
Old71,New508,Old71,Shushter,,,Old327,
Old78,New509,Old78,Maishan,,,Old26,
Old7,New51,Old7,Maiperqat,,,Old26,
Old38,New510,Old38,Tamanon,,,Old28,
Old59,New511,Old59,Zabe,,,Old111,
Old92,New511,Old92,Nuʿmania,,,Old211,
,New512,#N/A,#N/A,,,Old211,
,New513,#N/A,#N/A,,,Old341,
Old49,New514,Old49,Tirhan,,,Old341,
Old128,New515,Old128,Kellia,,,Old112,
Old118,New516,Old118,Woundrous Mountain,,,Old245,
Old123,New517,Old123,Beth Aramaye,,,Old245,
Old81,New517,Old81,Beth Aramaye,,,Old298,
Old46,New518,Old46,Salakh,,,Old93,
Old55,New519,Old55,Ganzak,,,Old93,
Old8,New52,Old8,Hesna d'Kifa,,,Old113,
Old37,New520,Old37,Beth Dasen,,,Old113,
,New521,#N/A,#N/A,,,Old382,
,New522,#N/A,#N/A,,,Old382,
,New523,#N/A,#N/A,,,Old461,
,New524,#N/A,#N/A,,,Old63,
,New525,#N/A,#N/A,,,Old101,
,New526,#N/A,#N/A,,,Old101,
,New527,#N/A,#N/A,,,Old448,
Old299,New528,Old299,Karakorum,,,Old30,
,New529,#N/A,#N/A,,,Old30,
Old9,New53,Old9,Akhlat,,,Old446,
,New530,#N/A,#N/A,,,Old22,
,New531,#N/A,#N/A,,,Old103,
Old28,New532,Old28,Qarta,,,Old103,
,New533,#N/A,#N/A,,,Old214,
,New534,#N/A,#N/A,,,Old215,
,New535,#N/A,#N/A,,,Old291,
,New536,#N/A,#N/A,,,Old291,
Old10,New54,Old10,Nisibis,,,Old46,
Old155,New54,Old155,Nisibis,,,Old46,
Old260,New54,Old260,Nisibis,,,Old167,
Old286,New54,Old286,School of Nisibis,,,Old167,
Old289,New54,Old289,Nisibis,,,Old32,
Old445,New54,Old445,Nisibis,,,Old246,
Old456,New54,Old456,Nisibis,,,Old246,
Old87,New54,Old87,Nisibis,,,Old377,
Old11,New55,Old11,Erbil,,,Old489,
Old141,New55,Old141,Arbela,,,Old91,
Old181,New55,Old181,Arbel,,,Old91,
Old259,New55,Old259,Arbela,,,Old168,
Old473,New55,Old473,Arbela (Erbil),,,Old264,
Old83,New55,Old83,Erbil,,,Old216,
Old12,New56,Old12,Mosul,,,Old216,
Old153,New56,Old153,Mosul,,,Old217,
Old367,New56,Old367,Mosul,,,Old217,
Old407,New56,Old407,Mosul,,,Old282,
Old487,New56,Old487,Mosul,,,Old282,
Old86,New56,Old86,Mosul,,,Old132,
Old15,New57,Old15,Daququa,,,Old157,
Old13,New58,Old13,Tarbiz,,,Old157,
Old491,New58,Old491,Tabriz,,,Old410,
Old174,New59,Old174,Van,,,Old410,
Old182,New6,Old182,Barṭelle,,,Old351,
Old16,New60,Old16,Hulwan,,,Old48,
Old80,New60,Old80,Hulwan,,,Old57,
Old157,New61,Old157,Seleucia,,,Old57,
Old145,New62,Old145,Ctesiphon,,,Old255,
Old18,New62,Old18,Seleucia-Ctesiphon,,,Old255,
Old267,New62,Old267,Seleucia-Ctesiphon,,,Old219,
Old373,New62,Old373,Seleucia-Ctesiphon,,,Old219,
Old437,New62,Old437,Ctesiphon,,,Old383,
Old19,New63,Old19,Rai,,,Old383,
Old75,New63,Old75,Rai,,,Old159,
Old21,New64,Old21,Basra,,,Old159,
Old22,New65,Old22,Rev Ardashir,,,Old71,
Old23,New66,Old23,Raqqa,,,Old29,
Old142,New67,Old142,Arzon,,,Old29,
Old24,New67,Old24,Arzun,,,Old119,
Old25,New68,Old25,Bidlis,,,Old490,
Old26,New69,Old26,Qardu,,,Old490,
Old183,New7,Old183,Başkale,,,Old356,
Old41,New70,Old41,Balad,,,Old359,
Old293,New71,Old293,Hdatta,,,Old356,
Old343,New71,Old343,Ḥdatta,,,Old359,
Old42,New71,Old42,Hdatta,,,Old220,
Old290,New72,Old290,Tikrit,,,Old221,
Old90,New72,Old90,Tagrit,,,Old221,
Old265,New73,Old265,Harran,,,Old378,
Old278,New73,Old278,Ḥarrān,,,Old378,
Old436,New73,Old436,Carrhae (Harran),,,Old105,
Old89,New73,Old89,Harran,,,Old105,
Old227,New74,Old227,Baghdad,,,Old283,
Old369,New74,Old369,Baghdad,,,Old358,
Old396,New74,Old396,Baghdad,,,Old133,
Old474,New74,Old474,Baghdad,,,Old133,
Old74,New74,Old74,Baghdad,,,Old158,
Old68,New75,Old68,Ispahan,,,Old229,
Old414,New76,Old414,Hamadan,,,Old69,
Old66,New76,Old66,Hamadan,,,Old134,
Old67,New77,Old67,Nihawand,,,Old134,
Old133,New78,Old133,Susiana,,,Old427,
Old158,New78,Old158,Susa,,,Old13,
Old229,New78,Old229,Susa,,,Old13,
Old69,New78,Old69,Susa,,,Old491,
Old150,New79,Old150,Kaškar,,,Old290,
Old284,New79,Old284,Kashkar,,,Old290,
Old61,New79,Old61,Kashkar,,,Old90,
Old184,New8,Old184,Baxʿa,,,Old337,
Old58,New80,Old58,Dinawar,,,Old337,
Old57,New81,Old57,Shahrzur,,,Old339,
Old29,New82,Old29,Shigar,,,Old339,
Old106,New83,Old106,Edessa,,,Old38,
Old147,New83,Old147,Edessa,,,Old355,
Old270,New83,Old270,Edessa,,,Old355,
Old277,New83,Old277,Edessa,,,Old320,
Old297,New83,Old297,Edessa,,,Old320,
Old440,New83,Old440,Edessa,,,Old247,
Old455,New83,Old455,Edessa,,,Old247,
Old296,New84,#N/A,Rome,not in final index,,Old322,
Old409,New84,#N/A,Rome,not in final index,,Old381,
Old488,New84,#N/A,Rome,not in final index,,Old381,
Old239,New85,Old239,Merv,,,Old222,
Old295,New85,Old295,Merv,,,Old222,
Old374,New85,Old374,Merv,,,Old115,
Old237,New86,Old237,Khotan,,,Old115,
Old307,New86,Old307,Khotan,,,Old316,
Old231,New87,Old231,"Beijing 北京 (Khanbalik, Dadu 大都)",,,Old316,
Old314,New87,Old314,Khanbaliq (Beijing),,,Old169,
Old329,New88,Old329,Konye-Urgench,,,Old169,
Old238,New89,Old238,Luoyang 洛陽,,,Old512,
Old185,New9,Old185,Betanure,,,Old512,
Old148,New90,Old148,Jerusalem,,,Old326,
Old258,New90,Old258,Jerusalem,,,Old326,
Old403,New90,Old403,Jerusalem,,,Old353,
Old443,New90,Old443,Jerusalem,,,Old353,
Old481,New90,Old481,Jerusalem,,,Old138,
Old244,New91,Old244,Qaraqorum,,,Old223,
Old262,New92,Old262,Palmyra,,,Old223,
Old281,New92,Old281,Palmyra,,,Old49,
Old99,New92,Old99,Palmyra,,,Old166,
Old346,New93,Old346,Panjikent,,,Old173,
Old245,New94,Old245,Quanzhou 泉州,,,Old331,
Old298,New94,Old298,Quanzhou (Zayton),,,Old331,
Old246,New95,Old246,Samarkand,,,Old510,
Old377,New95,Old377,Samarqand,,,Old510,
Old489,New95,Old489,Samarkand,,,Old492,
Old91,New96,Old91,Samarra,,,Old492,
Old167,New97,Old167,Salamas,,,Old117,
Old32,New97,Old32,Salmas,,,Old117,
Old264,New98,Old264,Samosata,,,Old170,
Old447,New99,Old447,Scythopolis,,,Old385,
Old129,,#N/A,Mesopotamia,not in final index,,Old470,Deprecated
Old386,,#N/A,Central Asia,not in final index,,Old248,Deprecated
Old387,,#N/A,Europe,not in final index,,Old248,Deprecated
Old390,,#N/A,South America,not in final index,,Old370,Deprecated
Old398,,#N/A,Chicago,not in final index,,Old354,Deprecated
Old416,,#N/A,Australia,not in final index,,Old171,Deprecated
Old418,,#N/A,Germany,not in final index,,Old171,Deprecated
Old423,,#N/A,Netherlands,not in final index,,Old172,Deprecated
Old424,,#N/A,Persia,added to xml,,Old249,Deprecated
Old425,,#N/A,Russia,not in final index,,Old249,Deprecated
Old426,,#N/A,Sweden,not in final index,,Old379,Deprecated
Old464,,#N/A,Byzantium,not in final index,,Old375,Deprecated
Old499,,#N/A,France,not in final index,,Old375,Deprecated
Old108,,#N/A,Great Monastery (of Abraham of Kashkar),added to xml,,Old224,Later
Old114,,#N/A,Rabban-Šabuhr,not in final index,,Old224,Later
Old124,,#N/A,BĒth-Arabāyē,added to xml,,Old34,
Old168,New394,Old168,Šamməsdin,,,Old411,
Old218,,#N/A,Šəno (Ushnuye),added to xml,,Old318,Later
Old338,,#N/A,Krasnaya Rechka,check,added to Navekath and Balasghuna; but they are different places; will need to disambiguate later.,Old318,Later
Old342,,#N/A,Sarai,not in final index,,Old174,Later
Old368,New60,Old368,Ḥolwān,,,Old174,
Old45,,#N/A,Qasr,question,"this seems to be a generic term (It appears to mean palace/mansion, though may have technical usage?); we have several Qasr entries, but they are all specific places, e.g. Qasr Ibrihim. I don’t think we have an entry just for Qasr.",Old462,Later
Old451,,#N/A,Roman/Sasanian Border,not in final index,,Old118,Later
Old457,,#N/A,Beth Qoqa,not in final index,,Old118,Later
Old476,New68,Old476,Bitlis,,,Old251,
Old480,New52,Old480,Ḥiṣn-Kayf,,,Old251,
Old494,,#N/A,Ilkhanate,not in final index,,Old309,Later
Old496,,#N/A,Mamluk Sultanate,not in final index,,Old309,Later
Old497,,#N/A,Ottoman Empire,not in final index,,Old136,Later
Old498,,#N/A,Safavid Empire,not in final index,,Old175,Later
,,,,,,Old137,
,,,,,,Old59,
,,,,,,Old92,
,,,,,,Old225,
,,,,,,Old225,
,,,,,,Old493,
,,,,,,Old493,
,,,,,,Old160,
,,,,,,Old160,
,,,,,,Old252,
,,,,,,Old252,
,,,,,,Old178,
,,,,,,Old178,
,,,,,,Old179,
,,,,,,Old179,
,,,,,,Old50,
,,,,,,Old50,
